-- phpMyAdmin SQL Dump
-- version 4.9.2
-- https://www.phpmyadmin.net/
--
-- Host: 127.0.0.1
-- Generation Time: Feb 19, 2020 at 11:54 AM
-- Server version: 10.4.11-MariaDB
-- PHP Version: 7.4.1

SET SQL_MODE = "NO_AUTO_VALUE_ON_ZERO";
SET AUTOCOMMIT = 0;
START TRANSACTION;
SET time_zone = "+00:00";


/*!40101 SET @OLD_CHARACTER_SET_CLIENT=@@CHARACTER_SET_CLIENT */;
/*!40101 SET @OLD_CHARACTER_SET_RESULTS=@@CHARACTER_SET_RESULTS */;
/*!40101 SET @OLD_COLLATION_CONNECTION=@@COLLATION_CONNECTION */;
/*!40101 SET NAMES utf8mb4 */;

--
-- Database: `eapi`
--

-- --------------------------------------------------------

--
-- Table structure for table `failed_jobs`
--

CREATE TABLE `failed_jobs` (
  `id` bigint(20) UNSIGNED NOT NULL,
  `connection` text COLLATE utf8mb4_unicode_ci NOT NULL,
  `queue` text COLLATE utf8mb4_unicode_ci NOT NULL,
  `payload` longtext COLLATE utf8mb4_unicode_ci NOT NULL,
  `exception` longtext COLLATE utf8mb4_unicode_ci NOT NULL,
  `failed_at` timestamp NOT NULL DEFAULT current_timestamp()
) ENGINE=InnoDB DEFAULT CHARSET=utf8mb4 COLLATE=utf8mb4_unicode_ci;

-- --------------------------------------------------------

--
-- Table structure for table `migrations`
--

CREATE TABLE `migrations` (
  `id` int(10) UNSIGNED NOT NULL,
  `migration` varchar(255) COLLATE utf8mb4_unicode_ci NOT NULL,
  `batch` int(11) NOT NULL
) ENGINE=InnoDB DEFAULT CHARSET=utf8mb4 COLLATE=utf8mb4_unicode_ci;

--
-- Dumping data for table `migrations`
--

INSERT INTO `migrations` (`id`, `migration`, `batch`) VALUES
(1, '2014_10_12_000000_create_users_table', 1),
(2, '2014_10_12_100000_create_password_resets_table', 1),
(3, '2019_08_19_000000_create_failed_jobs_table', 1),
(4, '2020_02_19_091045_create_products_table', 1),
(5, '2020_02_19_091136_create_reviews_table', 1);

-- --------------------------------------------------------

--
-- Table structure for table `password_resets`
--

CREATE TABLE `password_resets` (
  `email` varchar(255) COLLATE utf8mb4_unicode_ci NOT NULL,
  `token` varchar(255) COLLATE utf8mb4_unicode_ci NOT NULL,
  `created_at` timestamp NULL DEFAULT NULL
) ENGINE=InnoDB DEFAULT CHARSET=utf8mb4 COLLATE=utf8mb4_unicode_ci;

-- --------------------------------------------------------

--
-- Table structure for table `products`
--

CREATE TABLE `products` (
  `id` bigint(20) UNSIGNED NOT NULL,
  `name` varchar(255) COLLATE utf8mb4_unicode_ci NOT NULL,
  `detail` text COLLATE utf8mb4_unicode_ci NOT NULL,
  `price` int(11) NOT NULL,
  `stock` int(11) NOT NULL,
  `discount` int(11) NOT NULL,
  `created_at` timestamp NULL DEFAULT NULL,
  `updated_at` timestamp NULL DEFAULT NULL
) ENGINE=InnoDB DEFAULT CHARSET=utf8mb4 COLLATE=utf8mb4_unicode_ci;

--
-- Dumping data for table `products`
--

INSERT INTO `products` (`id`, `name`, `detail`, `price`, `stock`, `discount`, `created_at`, `updated_at`) VALUES
(1, 'omnis', 'Ab eveniet sed qui voluptas pariatur est. Alias ex dolores similique consequuntur exercitationem. Ut qui quis eveniet incidunt. Et ex velit ipsam exercitationem non.', 634, 6, 18, '2020-02-19 07:45:26', '2020-02-19 07:45:26'),
(2, 'et', 'Ipsam possimus enim cum sit quis. Distinctio occaecati voluptas magni. Ipsa aperiam ipsam neque aspernatur veritatis.', 258, 9, 30, '2020-02-19 07:45:26', '2020-02-19 07:45:26'),
(3, 'distinctio', 'Facere dolorem delectus autem. Occaecati quasi eum ullam quae. Sint voluptas minus non voluptas cumque praesentium. Est officiis quibusdam similique est ipsum quibusdam molestias.', 422, 0, 15, '2020-02-19 07:45:26', '2020-02-19 07:45:26'),
(4, 'illo', 'Aut minima sed a vel deserunt eum totam cupiditate. Commodi minima voluptates aliquam hic. Incidunt excepturi aut alias assumenda ea delectus.', 232, 3, 19, '2020-02-19 07:45:26', '2020-02-19 07:45:26'),
(5, 'sed', 'Et cum at et architecto. Dolorem consectetur quibusdam quia occaecati nihil aut quis. Est voluptates et ea necessitatibus. Quia itaque cumque in temporibus harum repellendus repudiandae.', 815, 4, 4, '2020-02-19 07:45:26', '2020-02-19 07:45:26'),
(6, 'temporibus', 'Blanditiis fugit ut sint repellendus. Et optio delectus non tenetur. Hic et doloribus laboriosam maiores suscipit libero et. Qui natus rem neque ad quam perspiciatis amet.', 463, 2, 20, '2020-02-19 07:45:26', '2020-02-19 07:45:26'),
(7, 'tempore', 'Consequatur eveniet eius odit doloremque et harum. Et in eveniet voluptates quod voluptas ducimus. Suscipit dolorum voluptas sint repellendus. Repudiandae iusto nihil optio et modi placeat dolor.', 321, 4, 18, '2020-02-19 07:45:26', '2020-02-19 07:45:26'),
(8, 'laudantium', 'Ipsa vero explicabo enim omnis ipsa facere autem. Et repudiandae et laudantium. Aspernatur aspernatur qui et vero vel incidunt vitae quo.', 300, 2, 12, '2020-02-19 07:45:26', '2020-02-19 07:45:26'),
(9, 'quia', 'Sit quos aut quia accusamus blanditiis cum. Accusantium minima quos rerum tempora. Dicta voluptatum quis veniam praesentium et cum consequatur.', 527, 1, 5, '2020-02-19 07:45:26', '2020-02-19 07:45:26'),
(10, 'quia', 'Libero reiciendis quod consequatur nihil consequatur dolor. Ducimus architecto eligendi in veniam est sequi et impedit.', 102, 6, 23, '2020-02-19 07:45:26', '2020-02-19 07:45:26'),
(11, 'maxime', 'Aperiam blanditiis eaque veritatis qui. Dicta architecto officiis voluptates consequatur ea. Quo repellat vel impedit eaque eos. Tenetur et at dicta rerum rem rem.', 468, 1, 29, '2020-02-19 07:45:26', '2020-02-19 07:45:26'),
(12, 'dolor', 'Magnam nam quas sunt dolore numquam reiciendis sunt. Cum ut qui praesentium dolore amet. Est consequatur voluptas sed ut voluptate dolore.', 349, 9, 27, '2020-02-19 07:45:26', '2020-02-19 07:45:26'),
(13, 'ad', 'In minima nobis sit dolorem sit amet nemo consequatur. Nihil veniam aliquid quam. Reiciendis earum inventore suscipit. Ut et atque aut.', 515, 9, 21, '2020-02-19 07:45:26', '2020-02-19 07:45:26'),
(14, 'assumenda', 'Architecto consequatur et aut quasi numquam incidunt. Deleniti magni ut mollitia et expedita. Quidem ipsa velit vero consequatur cupiditate aperiam.', 821, 8, 4, '2020-02-19 07:45:26', '2020-02-19 07:45:26'),
(15, 'corrupti', 'Ut sunt esse totam quia error saepe. Nemo dolor cumque et voluptas sapiente rerum. Ipsam voluptas est odit occaecati similique qui non.', 141, 0, 16, '2020-02-19 07:45:26', '2020-02-19 07:45:26'),
(16, 'ducimus', 'Ut illo quod necessitatibus. Libero est fugit voluptate debitis. In sunt minima in labore. Amet nemo non incidunt nemo voluptatibus.', 795, 1, 12, '2020-02-19 07:45:26', '2020-02-19 07:45:26'),
(17, 'id', 'Necessitatibus neque dolorum voluptas eos at sapiente laudantium dolores. Qui accusamus amet eos inventore sit nemo quidem. Velit earum cupiditate autem rem illo iste.', 794, 6, 25, '2020-02-19 07:45:26', '2020-02-19 07:45:26'),
(18, 'incidunt', 'Id qui accusamus fuga eum vero rem minima. Est at nihil est veritatis et voluptas omnis soluta. Tenetur error aperiam dolorem quibusdam fugiat.', 621, 6, 2, '2020-02-19 07:45:26', '2020-02-19 07:45:26'),
(19, 'quaerat', 'Et laudantium optio magnam qui at non occaecati quia. Accusamus eum perspiciatis nemo illo aspernatur similique. Et animi beatae magni rerum voluptatem repellendus. Natus nesciunt omnis quia eligendi.', 687, 4, 15, '2020-02-19 07:45:26', '2020-02-19 07:45:26'),
(20, 'possimus', 'Sapiente reiciendis ut voluptas. Quis distinctio omnis dolor enim quas dolorum ut. Et sed fuga cumque aut architecto aut iste.', 692, 9, 27, '2020-02-19 07:45:26', '2020-02-19 07:45:26'),
(21, 'eum', 'Nam quia sed vel porro cupiditate. Aut et et et fugit. Molestiae voluptas mollitia illum debitis perferendis quos voluptatem. Non eveniet molestias et reprehenderit blanditiis ut blanditiis.', 987, 7, 22, '2020-02-19 07:45:26', '2020-02-19 07:45:26'),
(22, 'ut', 'Sint possimus illo sunt quibusdam. Perferendis et sunt natus. Perspiciatis libero veritatis et non. Neque minus voluptatem autem maxime unde repudiandae tempora.', 388, 1, 20, '2020-02-19 07:45:26', '2020-02-19 07:45:26'),
(23, 'cumque', 'Quia voluptas voluptatum labore dolorem id. Eum et perspiciatis optio dolorem facere ut natus. Fuga laudantium at ipsa quia. Dignissimos consequatur molestiae cupiditate sint magnam non.', 214, 9, 13, '2020-02-19 07:45:26', '2020-02-19 07:45:26'),
(24, 'quia', 'Dignissimos eos dolores quaerat molestiae mollitia dolorem. Provident harum quo nihil ut. Dolorum sed animi ut inventore tenetur.', 518, 3, 19, '2020-02-19 07:45:26', '2020-02-19 07:45:26'),
(25, 'deserunt', 'Et dolorem ea sed et hic. Sunt quidem aliquid voluptatem quasi minima autem deserunt ea. Et culpa eos non non fugit.', 310, 9, 24, '2020-02-19 07:45:26', '2020-02-19 07:45:26'),
(26, 'dolorem', 'Pariatur quaerat architecto consequatur est molestiae ipsam autem et. Voluptate deleniti deserunt qui laboriosam nesciunt aut cumque.', 507, 9, 6, '2020-02-19 07:45:26', '2020-02-19 07:45:26'),
(27, 'non', 'Deserunt fuga ullam modi illo ab est sint non. At repellendus quos eos magni ab iste vitae. Totam id commodi tenetur quae odio aut quibusdam voluptates.', 665, 1, 4, '2020-02-19 07:45:26', '2020-02-19 07:45:26'),
(28, 'repellendus', 'In optio dolores molestiae animi unde qui. Itaque est alias debitis magni omnis. Repudiandae quia unde eos ipsum. Necessitatibus maiores distinctio nemo et cupiditate.', 796, 0, 21, '2020-02-19 07:45:26', '2020-02-19 07:45:26'),
(29, 'architecto', 'Asperiores voluptas adipisci nisi. Repellat mollitia veniam perspiciatis sed sapiente ipsum aut impedit. Illum molestias dolore cum quaerat eos dolorem quo.', 889, 5, 4, '2020-02-19 07:45:26', '2020-02-19 07:45:26'),
(30, 'omnis', 'Recusandae et accusamus exercitationem ipsum assumenda laboriosam. Ab accusantium sit qui non totam consectetur voluptas.', 841, 1, 20, '2020-02-19 07:45:26', '2020-02-19 07:45:26'),
(31, 'dolores', 'Consequatur occaecati cumque quibusdam ex enim exercitationem in. Est illum voluptates nemo hic vel. Perspiciatis nostrum veritatis numquam nemo doloribus rem suscipit.', 465, 9, 29, '2020-02-19 07:45:26', '2020-02-19 07:45:26'),
(32, 'sint', 'Eum quam voluptas deleniti sit et. Consequatur nisi soluta animi. Voluptatum id quia aut exercitationem ut optio.', 820, 1, 9, '2020-02-19 07:45:26', '2020-02-19 07:45:26'),
(33, 'sunt', 'Quaerat sunt maiores fuga cupiditate. Ullam eos quae sit exercitationem itaque. Dolor molestiae ea sunt rem adipisci vel voluptatem. Dignissimos nihil perspiciatis doloremque eum.', 132, 3, 26, '2020-02-19 07:45:26', '2020-02-19 07:45:26'),
(34, 'accusantium', 'Modi accusantium omnis consequatur et aspernatur ea ullam. Ea quia similique ipsum sed. Nemo eius sunt in impedit sit magnam. Harum ut repellendus mollitia deleniti ducimus.', 499, 7, 17, '2020-02-19 07:45:26', '2020-02-19 07:45:26'),
(35, 'odit', 'Corporis asperiores id voluptas atque eveniet veritatis. Veniam nobis est dolore doloremque saepe voluptatum. Laboriosam tempora animi culpa sapiente voluptate veritatis provident. Vel voluptas earum est nulla.', 376, 5, 15, '2020-02-19 07:45:26', '2020-02-19 07:45:26'),
(36, 'porro', 'Odio voluptas nostrum quo nihil ipsa dignissimos maxime. Alias laboriosam repellendus repellat qui aperiam. Veritatis dignissimos architecto sit in aliquam. Ratione deleniti exercitationem alias quas voluptatem fugit tempora.', 517, 1, 9, '2020-02-19 07:45:26', '2020-02-19 07:45:26'),
(37, 'accusantium', 'Expedita ullam est nulla mollitia aut id illo. Recusandae id facere soluta eum eum et laudantium. Cupiditate doloremque harum enim unde sed pariatur illum. Eaque molestias est sint architecto dolores.', 564, 1, 23, '2020-02-19 07:45:26', '2020-02-19 07:45:26'),
(38, 'adipisci', 'Sint eveniet et molestiae eveniet omnis odit. Omnis rem et animi est ut. Enim consectetur quos magnam voluptatem vel. Sit a est aliquam sequi. Ut aut deleniti fugiat accusantium.', 202, 2, 20, '2020-02-19 07:45:26', '2020-02-19 07:45:26'),
(39, 'soluta', 'Facere et magni et eveniet eum nostrum in. Ut voluptatum dignissimos ut minus consectetur sunt. Rerum eligendi consequatur vel corrupti tenetur placeat quis.', 971, 3, 21, '2020-02-19 07:45:26', '2020-02-19 07:45:26'),
(40, 'quidem', 'Iste soluta ut amet pariatur sed et. Ipsa eum soluta repudiandae vel. Deserunt est iure impedit numquam.', 718, 0, 17, '2020-02-19 07:45:26', '2020-02-19 07:45:26'),
(41, 'ad', 'Quod et ipsam odit. Quae quasi cumque atque nihil placeat. Quos accusantium quia recusandae eligendi quia. Deserunt accusantium dicta optio illum voluptatum. Minima quas earum et error non.', 681, 2, 17, '2020-02-19 07:45:26', '2020-02-19 07:45:26'),
(42, 'ut', 'Explicabo praesentium dolor explicabo non delectus non possimus iure. Omnis voluptates magnam distinctio est et. Qui dolor ratione voluptas sunt cumque et exercitationem. Velit nulla veritatis in alias sint et tempora.', 347, 2, 16, '2020-02-19 07:45:26', '2020-02-19 07:45:26'),
(43, 'error', 'Et laudantium repellat quibusdam vel. Repudiandae dolore praesentium quia. Voluptatem temporibus nisi libero. Enim quidem voluptas fugiat officia in blanditiis enim maxime.', 157, 3, 11, '2020-02-19 07:45:26', '2020-02-19 07:45:26'),
(44, 'dolorum', 'Quia quia earum velit et rerum accusamus. Ut fuga autem autem quia unde et. Officia hic sit non maxime.', 901, 7, 23, '2020-02-19 07:45:26', '2020-02-19 07:45:26'),
(45, 'nobis', 'Laudantium aliquam eos esse unde quia dolorum amet sit. Ipsam consectetur incidunt molestias aut. Porro iste rem dolor odio est odit nulla. Exercitationem sint incidunt maiores molestiae.', 411, 2, 10, '2020-02-19 07:45:26', '2020-02-19 07:45:26'),
(46, 'harum', 'Voluptas ipsam et facilis beatae iste est. Voluptate enim explicabo non delectus consequuntur fugiat eos. Odit aperiam laborum quasi. Dolorum maiores voluptatibus incidunt aut vitae.', 641, 2, 8, '2020-02-19 07:45:26', '2020-02-19 07:45:26'),
(47, 'aut', 'Et nihil rerum mollitia consequatur. Perferendis voluptatibus aut corrupti error culpa quo dicta. Veniam expedita quia et doloremque provident ut quaerat.', 613, 9, 18, '2020-02-19 07:45:26', '2020-02-19 07:45:26'),
(48, 'iusto', 'Voluptas voluptatem sunt ducimus nostrum cupiditate. Excepturi eius nihil qui id consectetur. Cum excepturi et doloremque. Ad perferendis est voluptates ipsa rerum.', 773, 3, 7, '2020-02-19 07:45:26', '2020-02-19 07:45:26'),
(49, 'maiores', 'Explicabo sunt rem itaque quas velit possimus quam. Assumenda quibusdam incidunt voluptatem ut voluptatibus enim soluta. Natus et at blanditiis amet libero tenetur.', 372, 1, 2, '2020-02-19 07:45:26', '2020-02-19 07:45:26'),
(50, 'rerum', 'Id consequuntur pariatur quo dolores ab ex. Nobis eum dolore laborum autem iste nemo laudantium adipisci. Doloribus et aut eius.', 428, 4, 12, '2020-02-19 07:45:26', '2020-02-19 07:45:26'),
(51, 'fuga', 'Corporis sint iste corrupti repellendus deserunt sint tenetur qui. Sint tempora sed error neque. Nam eius reprehenderit explicabo.', 421, 5, 29, '2020-02-19 07:46:50', '2020-02-19 07:46:50'),
(52, 'iure', 'Doloribus quam rerum sint non. Sunt aut nisi possimus aut quia laudantium. Animi aut quia beatae quibusdam quasi enim.', 126, 4, 7, '2020-02-19 07:46:50', '2020-02-19 07:46:50'),
(53, 'eos', 'Dolor ut cumque iure explicabo velit vel et. Quia quia dicta blanditiis sint impedit dignissimos et.', 100, 4, 21, '2020-02-19 07:46:50', '2020-02-19 07:46:50'),
(54, 'nisi', 'Sint asperiores placeat dicta maiores molestiae alias. Unde quisquam voluptatem ea quas. Aut ut sapiente inventore sit. Dolores dolor repellendus iure.', 255, 5, 11, '2020-02-19 07:46:50', '2020-02-19 07:46:50'),
(55, 'excepturi', 'Ut ullam iure alias explicabo incidunt. Molestias porro rerum quaerat et inventore et et. Quam qui laudantium est dicta. Qui enim vero tempore sit deleniti fugiat id voluptate.', 453, 3, 11, '2020-02-19 07:46:50', '2020-02-19 07:46:50'),
(56, 'ex', 'Consequuntur error commodi eos et. Ipsa omnis ab aut quia. Cum iure est qui dolorem. Laborum in quia optio unde voluptas enim rerum voluptatum.', 895, 3, 4, '2020-02-19 07:46:50', '2020-02-19 07:46:50'),
(57, 'voluptas', 'Sequi nisi non impedit sit enim. Praesentium quia sit qui dolor et alias eius. Iste consectetur quas quam deleniti.', 905, 6, 13, '2020-02-19 07:46:50', '2020-02-19 07:46:50'),
(58, 'deleniti', 'Itaque in dolorem cumque aliquam enim. Qui ut perferendis eius est.', 179, 8, 30, '2020-02-19 07:46:50', '2020-02-19 07:46:50'),
(59, 'ex', 'Eaque quisquam dolore cupiditate rem deserunt. Minus voluptates totam ut impedit. Culpa totam odio est facilis qui sed architecto saepe.', 532, 2, 10, '2020-02-19 07:46:50', '2020-02-19 07:46:50'),
(60, 'et', 'Similique est occaecati consequatur neque tenetur dignissimos aliquid. Et tempora eligendi modi et dolorem. Dolore qui natus rem vel dolore sit.', 706, 9, 16, '2020-02-19 07:46:50', '2020-02-19 07:46:50'),
(61, 'voluptatibus', 'In non maxime sed ut quibusdam ut placeat. Molestiae ad tempore ex. Sequi dolore quam impedit id omnis delectus voluptatibus.', 143, 4, 13, '2020-02-19 07:46:50', '2020-02-19 07:46:50'),
(62, 'illo', 'Odio sed quis aut amet et voluptate. Tenetur tempore consequuntur voluptatem est praesentium quisquam assumenda. Quae ipsam sunt facere eum dicta eius.', 893, 7, 29, '2020-02-19 07:46:50', '2020-02-19 07:46:50'),
(63, 'et', 'Aut nihil accusamus quibusdam ut ea. Et sunt fugit sequi. Non delectus asperiores tenetur asperiores voluptatum nisi. Placeat nihil voluptatibus iure voluptate est quis tempore culpa.', 844, 2, 10, '2020-02-19 07:46:50', '2020-02-19 07:46:50'),
(64, 'repudiandae', 'Necessitatibus in autem eos corrupti ut. Aliquid tenetur incidunt fugit ut aliquam maxime incidunt. Molestiae corporis non autem ea sint et et tenetur.', 518, 8, 22, '2020-02-19 07:46:50', '2020-02-19 07:46:50'),
(65, 'beatae', 'Sunt libero dolorum molestiae molestiae voluptatem dolor ea eum. Quas similique ipsam itaque aut provident harum delectus.', 579, 1, 16, '2020-02-19 07:46:50', '2020-02-19 07:46:50'),
(66, 'itaque', 'Error sunt ducimus impedit. Rerum facilis qui ratione qui sed eum provident. Vel corporis quia id blanditiis. Aut voluptatum nemo omnis tempore occaecati.', 296, 2, 12, '2020-02-19 07:46:50', '2020-02-19 07:46:50'),
(67, 'animi', 'Adipisci aliquam officia accusantium accusamus. Doloremque voluptas nobis earum consequatur. Ut aspernatur et reiciendis sint corrupti nemo facilis dolorum. Eum at expedita impedit sit atque eos maiores.', 383, 7, 14, '2020-02-19 07:46:50', '2020-02-19 07:46:50'),
(68, 'iusto', 'Explicabo ducimus consequuntur provident maiores repellendus. Ut magnam et eligendi. Illum impedit magnam voluptatum enim est similique.', 434, 6, 8, '2020-02-19 07:46:50', '2020-02-19 07:46:50'),
(69, 'repudiandae', 'Dolores id dolorum et laboriosam deserunt. Cupiditate praesentium voluptatibus ea possimus explicabo blanditiis eius nemo. Voluptatibus dignissimos corrupti maxime. Eos voluptatem dignissimos et voluptas deserunt.', 231, 8, 5, '2020-02-19 07:46:50', '2020-02-19 07:46:50'),
(70, 'ipsum', 'Rerum autem repudiandae quia. Debitis soluta et est eos voluptas velit. Magnam culpa in molestiae et debitis consectetur numquam reiciendis. Ullam vel cupiditate consequuntur fugiat. Culpa saepe culpa quia et recusandae.', 735, 2, 5, '2020-02-19 07:46:50', '2020-02-19 07:46:50'),
(71, 'aut', 'Ab recusandae ut repellendus omnis cupiditate natus. Nihil tempore similique laudantium eaque debitis. Libero voluptas et sunt quaerat laborum laudantium repellendus eos. Inventore ut dolorem voluptatum atque architecto.', 905, 1, 8, '2020-02-19 07:46:50', '2020-02-19 07:46:50'),
(72, 'corrupti', 'Rem et in et est. Distinctio harum aut tenetur eligendi nobis aut quia magnam.', 703, 2, 6, '2020-02-19 07:46:50', '2020-02-19 07:46:50'),
(73, 'doloribus', 'Officia delectus amet qui laudantium. Impedit eaque sed et nihil magnam. Accusamus sed expedita iste et consequatur maiores.', 364, 0, 15, '2020-02-19 07:46:50', '2020-02-19 07:46:50'),
(74, 'voluptates', 'Mollitia incidunt cumque eos omnis dolorem possimus dolor. At cum explicabo commodi assumenda.', 874, 6, 29, '2020-02-19 07:46:50', '2020-02-19 07:46:50'),
(75, 'voluptatem', 'Autem quidem quidem ducimus est occaecati. Enim dolor magni et et repudiandae. Recusandae vel sed rerum ad.', 701, 0, 21, '2020-02-19 07:46:50', '2020-02-19 07:46:50'),
(76, 'nostrum', 'Beatae ratione inventore dolor beatae qui. Facilis debitis harum quos corrupti id esse molestiae consequatur. Impedit placeat voluptatem cupiditate error laborum voluptatem. Error quas quo voluptatibus tempore mollitia ipsam.', 631, 9, 8, '2020-02-19 07:46:50', '2020-02-19 07:46:50'),
(77, 'cumque', 'Voluptatum totam nihil doloremque qui veritatis. Et tempore et ut molestiae corporis voluptatibus quia et. Officia qui quo beatae laudantium ullam quis.', 259, 1, 22, '2020-02-19 07:46:50', '2020-02-19 07:46:50'),
(78, 'pariatur', 'Qui laboriosam laboriosam eaque rem quaerat. Non at suscipit corporis voluptate in ducimus. Rerum modi rerum fugiat eveniet. Voluptas ullam enim ex dolorum veritatis.', 746, 5, 21, '2020-02-19 07:46:50', '2020-02-19 07:46:50'),
(79, 'ut', 'Aut qui quia quo quia ex quod doloribus quasi. Voluptatem amet voluptatem consequatur voluptatem natus id. Corporis aut nihil velit inventore. Aliquid hic hic facilis molestiae eos nihil in.', 325, 2, 11, '2020-02-19 07:46:50', '2020-02-19 07:46:50'),
(80, 'possimus', 'Quam quia libero repudiandae. Voluptatem vel voluptas qui optio enim. Enim et eum est minus ut earum. Dolor saepe repellendus occaecati rerum.', 627, 1, 5, '2020-02-19 07:46:50', '2020-02-19 07:46:50'),
(81, 'voluptate', 'Molestias delectus nostrum excepturi pariatur. Repellat impedit veritatis aut ullam exercitationem culpa ab. Provident dolor nobis earum in. Iusto et accusantium molestias commodi.', 279, 7, 17, '2020-02-19 07:46:50', '2020-02-19 07:46:50'),
(82, 'nesciunt', 'Aut aut aut culpa aut. Quae odit aut modi animi quisquam repellendus. Molestiae delectus voluptatem ullam magnam sapiente nihil iusto. Reprehenderit veritatis quo et perspiciatis quisquam cumque et aspernatur.', 924, 2, 19, '2020-02-19 07:46:50', '2020-02-19 07:46:50'),
(83, 'asperiores', 'Nobis nulla tenetur rerum veritatis aliquid autem. Et molestias dolores ut quia nisi quis. Modi quas quia sint reprehenderit facere modi qui. Magnam hic qui porro.', 919, 3, 29, '2020-02-19 07:46:50', '2020-02-19 07:46:50'),
(84, 'cupiditate', 'Non reprehenderit aliquam veritatis consequuntur ut sint. Recusandae maxime laboriosam cupiditate est sit.', 344, 6, 4, '2020-02-19 07:46:50', '2020-02-19 07:46:50'),
(85, 'hic', 'Deserunt commodi unde reprehenderit alias quo sed ullam. Eius ea tempore sit impedit qui libero. Harum voluptatibus qui rerum libero nemo magni dicta illo. Earum nulla est quod commodi incidunt totam.', 896, 9, 30, '2020-02-19 07:46:50', '2020-02-19 07:46:50'),
(86, 'at', 'Quis dolores et ut. Pariatur repellat et ut aspernatur et totam dolorem libero. Repellendus dicta magnam et nisi. Est voluptatibus vel vitae odio velit nesciunt adipisci recusandae.', 418, 0, 21, '2020-02-19 07:46:50', '2020-02-19 07:46:50'),
(87, 'eveniet', 'Voluptatem voluptas dolores in tempore non ipsam et. Illo ut quasi voluptas eum cum harum autem. Aut nam quia assumenda. Dicta repellat aut maxime nostrum error quam enim. Quia quisquam culpa voluptatem.', 333, 8, 30, '2020-02-19 07:46:50', '2020-02-19 07:46:50'),
(88, 'reiciendis', 'Sed ut autem officia iure rerum ut. Est aliquam dolores accusantium est repudiandae cum autem nesciunt. Veritatis rerum maxime ut molestiae officiis. Ab pariatur officia harum vel iure aut blanditiis. Et sequi vel dolores ut odio ut reiciendis.', 741, 4, 5, '2020-02-19 07:46:50', '2020-02-19 07:46:50'),
(89, 'aperiam', 'Ea quia dolorem quam excepturi rerum id nostrum. Explicabo expedita fuga saepe necessitatibus dolores omnis qui. Dolores sed consectetur doloribus enim eveniet tempora eos. Et et voluptatem culpa unde.', 659, 4, 20, '2020-02-19 07:46:50', '2020-02-19 07:46:50'),
(90, 'voluptates', 'Quo ut enim est rem nisi. Dolorem velit tempora corporis.', 812, 2, 11, '2020-02-19 07:46:50', '2020-02-19 07:46:50'),
(91, 'rerum', 'Quo doloremque deserunt sed ipsam quasi occaecati occaecati. Ut veniam explicabo quia voluptas aperiam sed. Itaque nam aperiam ratione commodi vel alias. Sed et illo consequatur odio.', 532, 6, 14, '2020-02-19 07:46:50', '2020-02-19 07:46:50'),
(92, 'ducimus', 'Fuga incidunt autem et. Quia dolorem atque tempora odit maiores non. Consequatur voluptatem incidunt laborum exercitationem suscipit enim molestias aut.', 727, 7, 12, '2020-02-19 07:46:50', '2020-02-19 07:46:50'),
(93, 'vitae', 'Adipisci et aut dolor harum architecto cum. Itaque vel error reiciendis error explicabo optio quos. Nulla dicta eius et qui.', 691, 9, 8, '2020-02-19 07:46:50', '2020-02-19 07:46:50'),
(94, 'fugiat', 'Dolorum possimus numquam optio exercitationem quia delectus voluptatibus. Reiciendis vel vel debitis aut. Voluptatibus itaque id quo.', 999, 9, 21, '2020-02-19 07:46:50', '2020-02-19 07:46:50'),
(95, 'deleniti', 'Quo magnam dolore expedita et maiores facilis. Quibusdam consequatur itaque numquam qui ducimus assumenda aut aperiam. Rem ipsam velit atque iusto molestiae dolorem est.', 326, 7, 3, '2020-02-19 07:46:50', '2020-02-19 07:46:50'),
(96, 'molestiae', 'Perspiciatis cumque accusamus ad minima inventore. Incidunt laborum omnis totam laboriosam veritatis dolorem. Quae eos temporibus fuga alias voluptate. Sed recusandae totam laudantium quos eaque.', 842, 2, 28, '2020-02-19 07:46:50', '2020-02-19 07:46:50'),
(97, 'eum', 'Facilis voluptas autem quo et non accusamus. Ut voluptatem maxime alias. Possimus adipisci qui dolore ea odit quia. Sunt repellat architecto quidem et et non dolores velit.', 109, 5, 16, '2020-02-19 07:46:50', '2020-02-19 07:46:50'),
(98, 'aut', 'Possimus omnis quia error minus. Aut omnis omnis quis et minus. Porro similique delectus corrupti cum eum voluptate voluptas. Velit adipisci occaecati quam suscipit iste non.', 191, 1, 23, '2020-02-19 07:46:50', '2020-02-19 07:46:50'),
(99, 'ea', 'Omnis qui dolores nobis. Id beatae et delectus in. Molestiae eligendi impedit sint necessitatibus.', 421, 1, 11, '2020-02-19 07:46:50', '2020-02-19 07:46:50'),
(100, 'natus', 'Recusandae et odio et. Non earum aut iure sit enim non quod adipisci. Voluptas qui magnam nobis temporibus dolores ex officia.', 909, 0, 9, '2020-02-19 07:46:50', '2020-02-19 07:46:50'),
(101, 'dicta', 'Iste qui ut fugiat aliquid voluptas rerum et quidem. Similique aut dolorum consectetur voluptatem magni. Et quasi est nobis repellat. Ducimus sint quia non aut.', 842, 5, 17, '2020-02-19 07:47:56', '2020-02-19 07:47:56'),
(102, 'suscipit', 'Vero eveniet delectus harum voluptate. Debitis rem ut quo illo dolorum qui sit. Eaque deserunt qui sed a error. Autem et distinctio nostrum repellendus.', 211, 3, 5, '2020-02-19 07:47:56', '2020-02-19 07:47:56'),
(103, 'quia', 'Eum delectus est nihil dolorem fugiat facere. Et recusandae neque deleniti dolore modi perferendis. Ratione molestias maiores dolorem quae quaerat voluptas iste ullam. Neque consequatur optio dolorem magnam odit ut quo quod. Sunt temporibus quia voluptatem velit.', 418, 4, 16, '2020-02-19 07:47:56', '2020-02-19 07:47:56'),
(104, 'accusamus', 'Et qui unde dolorum velit provident. Earum officia id ut omnis adipisci. Voluptas sunt saepe voluptas nisi eum ea architecto sit. Eaque illo sunt soluta sit doloribus accusantium et.', 432, 2, 29, '2020-02-19 07:47:56', '2020-02-19 07:47:56'),
(105, 'officiis', 'Quo illo ea incidunt saepe magnam. Natus dolorum exercitationem sit nihil facilis.', 197, 0, 6, '2020-02-19 07:47:56', '2020-02-19 07:47:56'),
(106, 'quasi', 'Omnis ea veritatis eum necessitatibus quasi. Cumque non et officiis aut eaque. Quo impedit maiores numquam libero et quo voluptas. Nam aliquam quia voluptatibus inventore debitis aut.', 695, 5, 15, '2020-02-19 07:47:56', '2020-02-19 07:47:56'),
(107, 'tempore', 'Et reiciendis et labore repellat rerum. Ad error laudantium minima amet fugiat doloremque. Facilis quisquam dolorum et aliquam nihil aperiam sed. Illum voluptatem fugiat velit laboriosam necessitatibus. Aliquam nobis velit eius non pariatur sed incidunt.', 905, 6, 16, '2020-02-19 07:47:56', '2020-02-19 07:47:56'),
(108, 'ut', 'Corrupti voluptates nihil expedita expedita rerum fugiat fugiat nihil. Dolor facilis architecto voluptates explicabo laborum ut facere. Omnis earum nostrum quis dicta porro libero.', 175, 8, 9, '2020-02-19 07:47:56', '2020-02-19 07:47:56'),
(109, 'ut', 'Et voluptatem sed et molestias. Voluptas sed laboriosam natus ex nam voluptas quae. Perferendis corrupti in nihil ipsum.', 963, 1, 14, '2020-02-19 07:47:56', '2020-02-19 07:47:56'),
(110, 'vitae', 'Accusamus et id nihil aut voluptatem recusandae hic. Laudantium tenetur eum natus ab. Enim velit fugiat sequi qui accusamus consectetur voluptas.', 544, 4, 28, '2020-02-19 07:47:56', '2020-02-19 07:47:56'),
(111, 'voluptas', 'Cupiditate itaque assumenda suscipit explicabo quasi animi. In possimus et ut. Sed sint sunt veritatis sunt quidem repellat.', 422, 7, 18, '2020-02-19 07:47:56', '2020-02-19 07:47:56'),
(112, 'pariatur', 'Rerum nostrum asperiores saepe voluptatibus dolorem. Magni a quisquam voluptatem rem. Repellendus velit magni repellendus asperiores itaque.', 296, 4, 12, '2020-02-19 07:47:56', '2020-02-19 07:47:56'),
(113, 'omnis', 'Placeat recusandae commodi eaque aut. Et modi earum aliquam consequatur nisi beatae facilis. Possimus accusamus officia perspiciatis illum blanditiis reprehenderit animi est.', 898, 8, 7, '2020-02-19 07:47:56', '2020-02-19 07:47:56'),
(114, 'consequatur', 'Et impedit aperiam enim ab aspernatur. Cumque et ad vel earum qui nostrum dolores. Sed ad et et aliquid dolores. Consequuntur delectus est facere natus ut doloremque.', 530, 8, 13, '2020-02-19 07:47:56', '2020-02-19 07:47:56'),
(115, 'amet', 'Unde et temporibus nostrum vero. Consequatur ut velit distinctio et perspiciatis itaque doloribus. Repudiandae delectus mollitia aliquid magni quia.', 188, 9, 24, '2020-02-19 07:47:56', '2020-02-19 07:47:56'),
(116, 'repellendus', 'Unde vel rem quaerat quas qui rerum non. Sed facere ut porro est illum. Facere dolores eligendi quaerat fugiat. Consequatur quia aperiam odio aliquid consectetur delectus. Deserunt voluptatem vel autem temporibus et.', 433, 9, 27, '2020-02-19 07:47:56', '2020-02-19 07:47:56'),
(117, 'placeat', 'Qui quo quisquam exercitationem ut reiciendis rem porro omnis. Aut vitae voluptatem sed a quis suscipit. Dolor nemo quibusdam est.', 345, 8, 29, '2020-02-19 07:47:56', '2020-02-19 07:47:56'),
(118, 'magni', 'Repellendus et ut dolorum quasi optio velit. Eligendi atque dolorem deleniti labore. Fugiat qui dignissimos tempore ab qui. Aut iusto veniam aut cumque voluptas fuga nulla et.', 294, 0, 18, '2020-02-19 07:47:56', '2020-02-19 07:47:56'),
(119, 'illum', 'Itaque asperiores iure quia voluptate. Ullam ad reprehenderit aut ut consequatur sunt. Corrupti et eum et provident suscipit velit.', 315, 7, 11, '2020-02-19 07:47:56', '2020-02-19 07:47:56'),
(120, 'recusandae', 'Et quas velit et sed dolor itaque. Vel necessitatibus nihil doloremque consequatur. Non sunt qui autem nihil iusto atque. Modi sunt molestiae quasi.', 257, 5, 12, '2020-02-19 07:47:56', '2020-02-19 07:47:56'),
(121, 'enim', 'Cupiditate consequatur debitis sapiente corporis. Debitis et voluptas porro dolor. Nemo mollitia quia dolor et explicabo quos. Explicabo quaerat a soluta iste et.', 698, 9, 12, '2020-02-19 07:47:56', '2020-02-19 07:47:56'),
(122, 'blanditiis', 'Aperiam fugit quisquam facere fuga dolor. Et sunt quia omnis. Et modi quam earum possimus.', 608, 2, 20, '2020-02-19 07:47:56', '2020-02-19 07:47:56'),
(123, 'perspiciatis', 'Consequatur explicabo expedita dolores ex. Voluptatibus veritatis saepe debitis quis occaecati. Quo at placeat consequatur consequuntur. Qui id maiores totam perspiciatis.', 535, 8, 3, '2020-02-19 07:47:56', '2020-02-19 07:47:56'),
(124, 'odio', 'Inventore atque quidem consectetur voluptatum. Consequatur ducimus quia adipisci aut quia. Omnis quis beatae aut delectus quis nulla. Inventore veniam est magni cumque doloribus.', 994, 4, 13, '2020-02-19 07:47:56', '2020-02-19 07:47:56'),
(125, 'voluptatum', 'Suscipit sunt vel rerum illum voluptatum velit. Id quam et cumque et quibusdam assumenda architecto. Laudantium rerum excepturi fugiat temporibus repellendus odit magni aut. Ad est et nemo similique est.', 850, 9, 30, '2020-02-19 07:47:56', '2020-02-19 07:47:56'),
(126, 'similique', 'Non eos unde quia mollitia. Molestias dolor sed error atque quidem et voluptatum. Consequuntur soluta assumenda voluptatem id. Ut ipsum ut accusantium nesciunt aperiam.', 648, 7, 8, '2020-02-19 07:47:56', '2020-02-19 07:47:56'),
(127, 'voluptatem', 'In nesciunt veniam alias amet pariatur iure. Dolore officia natus sunt nihil praesentium mollitia. Vel fuga eaque voluptas beatae id. Ullam at cum voluptates.', 389, 0, 17, '2020-02-19 07:47:56', '2020-02-19 07:47:56'),
(128, 'velit', 'Molestiae maxime aut dicta deserunt. Commodi sint pariatur nobis autem inventore in assumenda. Et reiciendis nisi porro atque.', 604, 7, 10, '2020-02-19 07:47:56', '2020-02-19 07:47:56'),
(129, 'velit', 'Eum repellat delectus vel sed eos minus eius. Voluptatem velit ea ex non. In nemo quo sunt et. Animi sed beatae veniam neque veniam et labore.', 112, 0, 5, '2020-02-19 07:47:56', '2020-02-19 07:47:56'),
(130, 'saepe', 'Odit tempore quo aut. A qui sint sapiente aperiam. Consequatur voluptatibus est ut ex perferendis ut nihil.', 649, 5, 3, '2020-02-19 07:47:56', '2020-02-19 07:47:56'),
(131, 'consequatur', 'Amet quaerat maiores dolore quaerat cupiditate iste. Est voluptatem sunt qui et. Aspernatur reprehenderit aut corrupti totam. Quas sint sint ea. Aut consequatur dolore blanditiis mollitia molestiae minima numquam.', 382, 1, 8, '2020-02-19 07:47:56', '2020-02-19 07:47:56'),
(132, 'dicta', 'Rem aut et excepturi dolor perspiciatis nemo. Non et qui porro. Rem consectetur natus numquam ullam. Animi voluptatem quia et qui reprehenderit dolores pariatur.', 532, 2, 25, '2020-02-19 07:47:56', '2020-02-19 07:47:56'),
(133, 'dolores', 'Est occaecati numquam minus est. Cupiditate veniam dolores vitae molestiae. Nesciunt eos quia ea rerum dolorem. Vel qui est rerum esse ullam velit.', 547, 1, 14, '2020-02-19 07:47:56', '2020-02-19 07:47:56'),
(134, 'velit', 'Possimus assumenda et ea consectetur. Non repudiandae sed dolorem ut. Saepe totam ratione est impedit.', 596, 4, 10, '2020-02-19 07:47:56', '2020-02-19 07:47:56'),
(135, 'consectetur', 'Cupiditate voluptas qui qui quaerat aliquid voluptatem dignissimos. Quam recusandae omnis ducimus. Eum velit nihil ut labore. Et voluptatem sed maxime et illo quia dolor. Nostrum eum quam fugit neque.', 579, 6, 29, '2020-02-19 07:47:56', '2020-02-19 07:47:56'),
(136, 'rerum', 'Et quos ut pariatur aliquid exercitationem consequuntur. Sint earum sequi nihil reprehenderit consequuntur vel.', 536, 6, 21, '2020-02-19 07:47:56', '2020-02-19 07:47:56'),
(137, 'odio', 'Optio qui laborum non sed. In voluptas dolores nam ducimus beatae rerum. Perferendis reprehenderit debitis adipisci rerum possimus aut cumque. Odit qui quae quo.', 184, 2, 12, '2020-02-19 07:47:56', '2020-02-19 07:47:56'),
(138, 'facilis', 'Porro laudantium id in voluptatem voluptate asperiores reiciendis. In adipisci provident pariatur rerum minus et. Hic voluptatem vero error quis sit consequatur eligendi. Voluptatibus aut rerum sed.', 567, 6, 11, '2020-02-19 07:47:56', '2020-02-19 07:47:56'),
(139, 'et', 'At sit eaque qui. Dolores nulla velit deleniti eos recusandae. Quasi blanditiis eum sunt et commodi quo.', 999, 3, 12, '2020-02-19 07:47:56', '2020-02-19 07:47:56'),
(140, 'sint', 'Id exercitationem voluptas vel quisquam expedita eaque. Quo accusantium atque dicta qui repellat ipsum vitae. Officia excepturi cum ex fuga. Dolor non iste quo ut quo esse.', 151, 7, 24, '2020-02-19 07:47:56', '2020-02-19 07:47:56'),
(141, 'totam', 'Odit suscipit ad soluta soluta repellat est odit. Quisquam dolor accusamus ab a veniam. Nemo unde unde eligendi neque odit. Totam eum dolorem ex explicabo. Voluptas qui ut modi enim maxime cupiditate.', 108, 0, 14, '2020-02-19 07:47:56', '2020-02-19 07:47:56'),
(142, 'vel', 'Voluptate vel ratione velit natus. Nobis consectetur ea soluta et repudiandae rem quae. Totam sint doloribus et rerum. Sunt quidem aperiam totam sed.', 284, 1, 4, '2020-02-19 07:47:56', '2020-02-19 07:47:56'),
(143, 'quo', 'Facere perspiciatis illo quibusdam. Velit et nemo illum accusamus distinctio id. Non molestiae quibusdam molestias aspernatur officiis voluptas ut.', 717, 7, 9, '2020-02-19 07:47:56', '2020-02-19 07:47:56'),
(144, 'error', 'Rerum dolore facilis rerum facere. Quia cumque nobis totam eos rerum. Tenetur aut ea et sunt voluptas perspiciatis.', 795, 1, 20, '2020-02-19 07:47:56', '2020-02-19 07:47:56'),
(145, 'fuga', 'Ad cumque incidunt doloribus ex earum ex maxime. Est qui autem ad aperiam ad. Ut accusamus et et aliquam. Est asperiores omnis itaque consectetur itaque repudiandae itaque.', 703, 0, 7, '2020-02-19 07:47:56', '2020-02-19 07:47:56'),
(146, 'ut', 'Temporibus non velit quis asperiores. Optio numquam fugit eum officia.', 711, 8, 18, '2020-02-19 07:47:56', '2020-02-19 07:47:56'),
(147, 'sapiente', 'Et odit doloribus qui numquam et. Adipisci tempore fugiat praesentium odio nihil et et. Sapiente rerum iste ipsam sit quaerat.', 397, 2, 23, '2020-02-19 07:47:56', '2020-02-19 07:47:56'),
(148, 'vitae', 'Enim eligendi autem porro laboriosam quasi. Quos ullam repudiandae ad quo ipsum. Amet reiciendis recusandae nemo esse. Fuga quia repellat voluptatem ea delectus minima et omnis.', 108, 7, 6, '2020-02-19 07:47:56', '2020-02-19 07:47:56'),
(149, 'ipsam', 'Quasi sint enim et quam neque dignissimos ut. A architecto pariatur ut et rerum quisquam. Voluptatibus voluptatem eos eius rerum officia tempore ut. Aut accusantium quas aperiam quis.', 417, 6, 14, '2020-02-19 07:47:56', '2020-02-19 07:47:56'),
(150, 'dolor', 'Et est delectus voluptatum perspiciatis et. Sed totam omnis maxime esse rerum quos voluptates. Tempora vel molestias sint sed quia veritatis. Et omnis facilis quia dolore est officiis.', 850, 3, 26, '2020-02-19 07:47:56', '2020-02-19 07:47:56');

-- --------------------------------------------------------

--
-- Table structure for table `reviews`
--

CREATE TABLE `reviews` (
  `id` bigint(20) UNSIGNED NOT NULL,
  `product_id` bigint(20) UNSIGNED NOT NULL,
  `customer` varchar(255) COLLATE utf8mb4_unicode_ci NOT NULL,
  `review` text COLLATE utf8mb4_unicode_ci NOT NULL,
  `star` int(11) NOT NULL,
  `created_at` timestamp NULL DEFAULT NULL,
  `updated_at` timestamp NULL DEFAULT NULL
) ENGINE=InnoDB DEFAULT CHARSET=utf8mb4 COLLATE=utf8mb4_unicode_ci;

--
-- Dumping data for table `reviews`
--

INSERT INTO `reviews` (`id`, `product_id`, `customer`, `review`, `star`, `created_at`, `updated_at`) VALUES
(1, 116, 'Darrin Rowe', 'Nobis maiores architecto aliquam porro. Quisquam aut tempora animi temporibus enim perspiciatis praesentium magnam. Laboriosam rerum ab officiis autem. Deleniti quos ut tempore excepturi.', 0, '2020-02-19 07:47:57', '2020-02-19 07:47:57'),
(2, 40, 'Tamia Auer', 'Distinctio explicabo recusandae totam facilis harum corrupti. Atque iste cupiditate voluptatum quos neque.', 2, '2020-02-19 07:47:57', '2020-02-19 07:47:57'),
(3, 141, 'Emilia Schumm', 'Dolorem ipsum magni consectetur laborum. Quis nostrum libero et doloribus hic et alias. Voluptatum cumque illo repellendus excepturi illum. Est blanditiis explicabo eligendi voluptas nisi dolore repudiandae.', 5, '2020-02-19 07:47:57', '2020-02-19 07:47:57'),
(4, 29, 'Matt McCullough', 'Sint voluptas cum quis voluptatem. Nulla et unde ea quo dolor odit et. Fugit perspiciatis eum doloribus.', 1, '2020-02-19 07:47:57', '2020-02-19 07:47:57'),
(5, 6, 'Prof. Gladyce Klein', 'Quos soluta facere nesciunt sit. Ut laborum similique explicabo aperiam ad qui aperiam omnis. Esse laudantium eaque voluptate sapiente reprehenderit maiores id modi. Corrupti explicabo modi aliquam repudiandae amet officiis.', 3, '2020-02-19 07:47:57', '2020-02-19 07:47:57'),
(6, 28, 'Gardner Swaniawski', 'Et quas dolorum iure fuga possimus ad exercitationem. Et sunt qui maiores quo inventore ullam ex dolor. Iusto iure aut necessitatibus et excepturi.', 4, '2020-02-19 07:47:57', '2020-02-19 07:47:57'),
(7, 37, 'Roxanne Breitenberg', 'Ratione quo cupiditate harum consequatur et quia dignissimos itaque. Asperiores aliquid atque qui. Ut unde ad eos aut voluptate sit voluptatem. Quidem esse nemo illo molestiae porro inventore.', 5, '2020-02-19 07:47:57', '2020-02-19 07:47:57'),
(8, 48, 'Judd Murray', 'Quia dolorum et similique iure. Quibusdam eos numquam aut iste sed quae omnis. Et a reprehenderit corporis unde doloremque sed vero dolorum. Eos quia dolores eveniet.', 3, '2020-02-19 07:47:57', '2020-02-19 07:47:57'),
(9, 18, 'Mr. Jaime Kshlerin', 'Ut natus corrupti provident consectetur amet beatae quisquam. Est in deleniti ab quis animi nam. Quia fuga dolor magni atque. Nobis impedit nesciunt deserunt nostrum et.', 4, '2020-02-19 07:47:57', '2020-02-19 07:47:57'),
(10, 21, 'Claudie McDermott', 'Rerum impedit consequatur modi quod ut aut. Dignissimos repellendus voluptatem eos porro. Sunt et facere ab quas facilis vitae voluptatibus.', 1, '2020-02-19 07:47:57', '2020-02-19 07:47:57'),
(11, 87, 'Muhammad Dare', 'Quos eum soluta deleniti quibusdam. Blanditiis repellat officiis porro dolores. Nobis distinctio dolores eveniet. Et enim alias pariatur magnam ab quia aliquid exercitationem.', 4, '2020-02-19 07:47:57', '2020-02-19 07:47:57'),
(12, 125, 'Natasha Nolan', 'Amet dolores iure qui a ut ut. Iure quibusdam quo consequuntur facere magnam ut facere commodi. Eius eligendi aperiam incidunt nostrum. Voluptate inventore voluptate illum et in et sint. Delectus quis neque officiis odio similique et.', 4, '2020-02-19 07:47:57', '2020-02-19 07:47:57'),
(13, 2, 'Lenna Reichert', 'Enim pariatur beatae est eos nihil vel. Ut qui exercitationem ullam amet. Labore accusantium eum consequatur quo. Dolore repellat culpa sit non rerum tempore modi magni. Eaque modi laborum quam distinctio earum eos.', 5, '2020-02-19 07:47:57', '2020-02-19 07:47:57'),
(14, 3, 'Dr. Oran Connelly', 'Tempora atque sit et excepturi id minus. Fugiat soluta est sed voluptatem et. Qui eos corrupti hic veritatis. Molestiae qui et molestias.', 3, '2020-02-19 07:47:57', '2020-02-19 07:47:57'),
(15, 149, 'Monserrate Grant', 'Quia et delectus et laudantium earum. Et nesciunt consequatur omnis. Dolorum est qui quae et est.', 1, '2020-02-19 07:47:57', '2020-02-19 07:47:57'),
(16, 73, 'Nya Ondricka V', 'Amet alias facilis maxime aspernatur et similique laborum. Eveniet qui in aut. Nihil mollitia animi dolorum eligendi voluptas dolores. Non quia in a cupiditate quibusdam exercitationem.', 0, '2020-02-19 07:47:57', '2020-02-19 07:47:57'),
(17, 9, 'Eli Block Jr.', 'Dolor odit vel quisquam et iusto voluptas consequatur. Quae iusto ut unde nihil consectetur velit veritatis. Quisquam corporis rerum vel deleniti ad. Et error id esse commodi non quod quasi.', 2, '2020-02-19 07:47:57', '2020-02-19 07:47:57'),
(18, 2, 'Rocky Tromp III', 'Rem voluptas fugit repellendus voluptas nostrum necessitatibus explicabo. Corrupti ratione corrupti corporis omnis quis iusto.', 0, '2020-02-19 07:47:57', '2020-02-19 07:47:57'),
(19, 53, 'Ms. Effie Russel', 'Id maiores et doloribus maxime. Dignissimos voluptas perspiciatis hic. Laboriosam laborum aut et veniam eos dolor. Sit minima qui iste deleniti.', 2, '2020-02-19 07:47:57', '2020-02-19 07:47:57'),
(20, 129, 'Jeremie Reichel', 'Culpa qui ut exercitationem neque rem vel quisquam minima. Minima blanditiis eligendi enim quia labore omnis ea. Laudantium dignissimos repudiandae ipsum quisquam id voluptatem.', 4, '2020-02-19 07:47:57', '2020-02-19 07:47:57'),
(21, 47, 'Roxane Turcotte', 'Non nobis molestiae mollitia vitae esse eveniet. Expedita fugit voluptatum est. Sunt aliquam ipsam omnis magnam eaque ullam rerum et.', 2, '2020-02-19 07:47:57', '2020-02-19 07:47:57'),
(22, 140, 'Brett Lubowitz II', 'Sed est mollitia praesentium dolores excepturi quia. Eius ut voluptate libero quis. Officiis repellat culpa ad. Deleniti magni natus occaecati eos.', 3, '2020-02-19 07:47:57', '2020-02-19 07:47:57'),
(23, 103, 'Elmore Monahan', 'Enim velit quisquam quis est sint. Voluptas assumenda mollitia et sequi amet ab. Qui eum facere delectus labore dolore sit inventore. Quos eos ea beatae qui id et. Hic rerum facilis quasi.', 2, '2020-02-19 07:47:57', '2020-02-19 07:47:57'),
(24, 63, 'Hermina Lemke', 'Ipsa quaerat voluptas expedita. Suscipit facere magnam officiis dolorum ducimus. Omnis minus quis in aspernatur est animi accusantium ipsam.', 2, '2020-02-19 07:47:57', '2020-02-19 07:47:57'),
(25, 28, 'Prof. Felicita Wehner III', 'Id quo suscipit voluptatem officia ut repudiandae eum. Ducimus minima numquam consectetur quasi dolores inventore. Officia quisquam dolorem aspernatur accusantium voluptatem omnis non.', 1, '2020-02-19 07:47:57', '2020-02-19 07:47:57'),
(26, 139, 'Josiane Crooks', 'Quis cumque amet dolorum ea incidunt cumque. Deleniti ut est eos ut voluptatibus repellendus. Sit quia rem et est et et et facilis.', 5, '2020-02-19 07:47:57', '2020-02-19 07:47:57'),
(27, 94, 'Clair Predovic I', 'Aliquam dolor commodi excepturi similique eius rem sed. Fugiat nemo hic laborum et. Vel nihil laudantium esse assumenda.', 3, '2020-02-19 07:47:57', '2020-02-19 07:47:57'),
(28, 99, 'Aracely West', 'Autem illo quo eius ipsa sit eos. Hic autem laudantium sint nostrum consequuntur. Est aliquid similique ad aliquid. Corrupti unde dolorem distinctio consequatur.', 4, '2020-02-19 07:47:57', '2020-02-19 07:47:57'),
(29, 42, 'Dayna Lindgren', 'Maxime corrupti voluptatem consequatur aut molestiae nulla libero. Sapiente vero sapiente odit occaecati voluptatem commodi.', 1, '2020-02-19 07:47:57', '2020-02-19 07:47:57'),
(30, 35, 'Wava Brekke DVM', 'Maxime omnis recusandae cumque. Quaerat dolorum culpa debitis repellat. Excepturi unde qui ea possimus quis.', 4, '2020-02-19 07:47:57', '2020-02-19 07:47:57'),
(31, 87, 'Noel Reinger', 'Quos adipisci omnis cumque sunt. Saepe facilis dignissimos consequuntur. Ipsum iure eligendi et nisi cupiditate iste.', 1, '2020-02-19 07:47:57', '2020-02-19 07:47:57'),
(32, 117, 'Prof. Marques Heidenreich', 'Cum nostrum minus quos magni adipisci odio. Quod voluptates saepe rem debitis optio. Voluptas voluptatum dolores ratione dolor.', 2, '2020-02-19 07:47:57', '2020-02-19 07:47:57'),
(33, 142, 'Miss Kylie O\'Hara', 'Aut qui quaerat voluptate non qui fugit. Delectus quos non iusto ea ipsa architecto unde. Sunt possimus nisi quas magni id tempore omnis. Dolorem quia tempora necessitatibus voluptatem.', 4, '2020-02-19 07:47:57', '2020-02-19 07:47:57'),
(34, 69, 'Porter Johns DDS', 'Quis dignissimos officia eaque consequatur. Autem reiciendis iusto aut odit voluptas. Provident nihil et dolor numquam omnis repellendus dolor. Et enim ex delectus quisquam accusantium est.', 0, '2020-02-19 07:47:57', '2020-02-19 07:47:57'),
(35, 16, 'Clementine Brekke', 'Eum enim sint dolorum libero tenetur sed eveniet. Sit consequatur porro laborum repellat voluptatem officiis veniam. Ad et expedita assumenda saepe sit et eaque. Architecto similique nam in a voluptatem aspernatur dicta asperiores.', 4, '2020-02-19 07:47:57', '2020-02-19 07:47:57'),
(36, 100, 'Waino Block', 'Quo recusandae dolor et et beatae praesentium et dolor. Repudiandae rerum quia atque illo facilis eaque. Sed voluptas sequi est voluptas alias.', 5, '2020-02-19 07:47:57', '2020-02-19 07:47:57'),
(37, 84, 'Pattie Greenfelder MD', 'Molestiae quas dignissimos molestias consequatur est nisi voluptas. Quos pariatur voluptatibus labore et voluptatibus id. Rerum rerum molestiae doloremque exercitationem at. Voluptatem hic autem nesciunt perferendis autem consequatur.', 0, '2020-02-19 07:47:57', '2020-02-19 07:47:57'),
(38, 43, 'Emma Greenholt', 'Optio molestiae rerum ad excepturi sequi aliquam autem. Reiciendis quia sit sed qui molestiae molestiae. Consectetur delectus recusandae quisquam quaerat nesciunt necessitatibus aperiam. Beatae necessitatibus voluptatem officiis distinctio ut deleniti.', 0, '2020-02-19 07:47:57', '2020-02-19 07:47:57'),
(39, 75, 'Angela Gerhold', 'Atque magni nam velit repellat porro architecto expedita. Repudiandae porro enim quidem. Magni omnis rem nisi ut et sint natus. Totam ipsam et velit consequatur voluptatum qui.', 4, '2020-02-19 07:47:57', '2020-02-19 07:47:57'),
(40, 126, 'Janis Swaniawski III', 'Et consequuntur aut et sequi autem nesciunt ducimus. Soluta quis consequatur sunt nobis quod sed. Laboriosam aut assumenda porro autem nam excepturi. Amet dicta eos voluptatum ea vitae ea fugiat.', 4, '2020-02-19 07:47:57', '2020-02-19 07:47:57'),
(41, 142, 'Prof. Evangeline Sawayn', 'A ut error sunt ipsa sunt aliquid. Exercitationem cupiditate dicta quas possimus. Eos et minima vitae magnam.', 3, '2020-02-19 07:47:57', '2020-02-19 07:47:57'),
(42, 73, 'Winnifred Gerlach I', 'Est pariatur officiis dolor quo qui. Nihil adipisci officiis aliquam consequatur sit. Pariatur voluptatem distinctio repellat ipsam. Nesciunt facilis qui temporibus ullam est ut recusandae.', 4, '2020-02-19 07:47:57', '2020-02-19 07:47:57'),
(43, 112, 'Enoch Huels', 'Commodi non sunt et suscipit. Reiciendis in dolores temporibus incidunt sunt. Alias culpa quibusdam hic sed dolore ut.', 2, '2020-02-19 07:47:57', '2020-02-19 07:47:57'),
(44, 84, 'Rosemary Steuber', 'Earum sit voluptas harum omnis sit quae et doloremque. Aut et maiores consequatur et est. Vitae ut accusamus possimus voluptas. Sed velit cumque inventore vitae sunt.', 5, '2020-02-19 07:47:57', '2020-02-19 07:47:57'),
(45, 91, 'Dr. Hazel Zboncak II', 'Earum voluptatum sed delectus dolor sequi aspernatur. Cupiditate perspiciatis ut labore perferendis fugiat exercitationem non. Quas sit aut explicabo aliquam. Ab vel accusantium voluptate et qui magnam.', 2, '2020-02-19 07:47:57', '2020-02-19 07:47:57'),
(46, 134, 'Dr. Colten Bailey', 'Delectus modi facere aut rerum sed explicabo. Architecto occaecati reprehenderit qui enim eaque ullam.', 1, '2020-02-19 07:47:57', '2020-02-19 07:47:57'),
(47, 5, 'Jeremy Swaniawski', 'Repudiandae sed qui nihil veniam laboriosam ut. Nihil quos et et repellendus omnis. Veritatis et doloribus est sunt in nemo.', 0, '2020-02-19 07:47:57', '2020-02-19 07:47:57'),
(48, 106, 'Jaylon Crooks', 'Repudiandae voluptatem voluptatem explicabo accusantium vitae delectus ex. Illum ut aut accusantium earum dolorem tenetur qui et. Facere enim temporibus ducimus et. Quos aut aut voluptates enim sit incidunt quisquam et.', 1, '2020-02-19 07:47:57', '2020-02-19 07:47:57'),
(49, 90, 'Dillon Erdman', 'Magnam tempore non ut quibusdam maiores veritatis. Quam beatae accusamus dolorum tempora autem placeat at. Dolore non porro beatae nam hic voluptas voluptatem. Omnis nam qui quo soluta rem non esse.', 3, '2020-02-19 07:47:57', '2020-02-19 07:47:57'),
(50, 56, 'Miss Berniece Schinner', 'Et non esse placeat est et. Ipsam eveniet mollitia saepe amet. Ea deserunt earum consectetur molestias non. Voluptate delectus libero est ab ut eaque.', 2, '2020-02-19 07:47:57', '2020-02-19 07:47:57'),
(51, 106, 'Dr. Brendon Wolff', 'Illo magnam repellat exercitationem enim voluptatem quaerat. Ut sit vitae adipisci quis. Eos occaecati sint repudiandae qui sed. Autem reiciendis quia molestiae. Qui accusamus laborum dolor esse est ratione magnam.', 0, '2020-02-19 07:47:57', '2020-02-19 07:47:57'),
(52, 141, 'Margot Buckridge Jr.', 'Porro dolore illum quos in optio ducimus excepturi. Provident veritatis sit inventore omnis sit et voluptate.', 2, '2020-02-19 07:47:57', '2020-02-19 07:47:57'),
(53, 25, 'Lowell Hills', 'Dolores aliquam aperiam autem ad quia. Magni nostrum veniam est enim. Quae modi iste dolores repellat reprehenderit maiores vel. Omnis dolores quia assumenda omnis consequatur tenetur mollitia.', 0, '2020-02-19 07:47:57', '2020-02-19 07:47:57'),
(54, 106, 'Dr. Brad Koss', 'Neque eaque eos enim aliquid vitae dolorem. Debitis nihil laborum quia quo quidem. Fugit illo sit ut pariatur et. Nisi eum aut aliquam accusamus velit ex laboriosam. Animi delectus tempora quisquam.', 1, '2020-02-19 07:47:57', '2020-02-19 07:47:57'),
(55, 147, 'Jameson Schiller', 'Qui voluptas at vitae et nulla velit rem. Labore voluptatem sequi nobis unde perspiciatis nihil ratione assumenda. Et non quis autem excepturi vel mollitia.', 5, '2020-02-19 07:47:57', '2020-02-19 07:47:57'),
(56, 2, 'Mack Borer DVM', 'In sapiente dignissimos deserunt molestias porro voluptatem. Qui assumenda ut omnis magnam exercitationem sed officia omnis. Et libero eius earum sed eaque. Quis omnis accusamus iste.', 4, '2020-02-19 07:47:57', '2020-02-19 07:47:57'),
(57, 117, 'Ruben Dare', 'Ea praesentium voluptatibus omnis velit distinctio. Exercitationem molestias consectetur qui porro. Dolorum expedita voluptatum voluptate harum voluptatibus repellat.', 4, '2020-02-19 07:47:57', '2020-02-19 07:47:57'),
(58, 114, 'Carolina Frami', 'At et debitis placeat et sed quo. Quo et quis qui alias ab nulla assumenda itaque. Accusantium fugiat ad et deleniti vel aspernatur consectetur quisquam. Veritatis qui tempora ut neque cumque aspernatur.', 4, '2020-02-19 07:47:57', '2020-02-19 07:47:57'),
(59, 131, 'Jazmyn Kohler DVM', 'Quae est nihil asperiores deleniti et ratione vitae minima. Possimus rerum pariatur id aut. Ullam laborum sed aperiam tenetur non cumque aliquid tenetur.', 4, '2020-02-19 07:47:57', '2020-02-19 07:47:57'),
(60, 94, 'Kian Rohan', 'Omnis et ipsam nihil voluptatum incidunt aliquid quas dicta. Officia non et veniam. Expedita sed porro voluptatem aut quia omnis aliquid.', 4, '2020-02-19 07:47:57', '2020-02-19 07:47:57'),
(61, 86, 'Mr. Terrill Gaylord Jr.', 'Et expedita sit distinctio molestias qui dolor dolorem. Voluptatem repellat est sint aut optio. Nihil aut illo adipisci nemo. Fugit temporibus dolor consequatur ut sed aliquid tempora ut.', 2, '2020-02-19 07:47:57', '2020-02-19 07:47:57'),
(62, 39, 'Jude Waelchi', 'Facere dolor enim facilis tempore repudiandae ut. Omnis qui id adipisci laboriosam. Ex voluptatem ex molestiae modi et.', 3, '2020-02-19 07:47:57', '2020-02-19 07:47:57'),
(63, 142, 'Earnestine Schaden', 'Neque voluptas commodi aliquid dolore placeat impedit. Deserunt inventore illo corrupti distinctio eum. Aperiam praesentium est quaerat explicabo itaque voluptatem. Explicabo id quia nobis repellendus.', 1, '2020-02-19 07:47:57', '2020-02-19 07:47:57'),
(64, 55, 'Amina Collier', 'Odio et quis sit est quo aut. Itaque reprehenderit at accusantium dolor dolores est quaerat. Autem quibusdam sequi animi accusantium aspernatur sint. Est placeat voluptates aut aut. Recusandae ut accusantium nemo voluptas natus nemo architecto.', 4, '2020-02-19 07:47:57', '2020-02-19 07:47:57'),
(65, 140, 'Dejuan Smith', 'Inventore optio cumque qui quia ipsum aut magnam omnis. Recusandae voluptatem est nam repellat natus saepe omnis facere. Ea molestiae rerum voluptatum corporis eius enim minus.', 4, '2020-02-19 07:47:57', '2020-02-19 07:47:57'),
(66, 38, 'Dr. Trenton Nader', 'Consequuntur minus accusamus unde exercitationem illum. At perferendis exercitationem et nam. Rerum aliquam eveniet et eum iure saepe non. Ex quia non voluptatum quisquam est dolores. Illum beatae quo placeat enim numquam.', 1, '2020-02-19 07:47:57', '2020-02-19 07:47:57'),
(67, 95, 'Florencio Parker', 'Quaerat accusamus quod omnis nam asperiores impedit. Quis laudantium debitis tenetur nam aut minima quo. Soluta quisquam blanditiis molestiae eius minus et.', 4, '2020-02-19 07:47:57', '2020-02-19 07:47:57'),
(68, 106, 'Thea Hand V', 'Et numquam ipsum ut delectus tempore nisi possimus. Quia dolores dolores vel amet placeat ut. Consequatur qui possimus aspernatur rerum placeat. Neque et et nihil fugiat ea quia.', 0, '2020-02-19 07:47:57', '2020-02-19 07:47:57'),
(69, 100, 'Dane Haley', 'Laudantium beatae tenetur voluptates est rem molestias omnis in. Distinctio reiciendis est repudiandae alias. Eos quibusdam ut velit quo soluta odit culpa ex. Modi ratione modi similique sunt. Sequi blanditiis voluptas ea quas.', 3, '2020-02-19 07:47:57', '2020-02-19 07:47:57'),
(70, 51, 'Frieda Skiles', 'Quidem porro inventore recusandae et numquam sapiente voluptatem ipsa. Nesciunt sunt quibusdam similique expedita nemo corporis. Laborum ipsa ratione quibusdam enim tempore non. Repellendus sint inventore enim repellendus in molestiae adipisci. Omnis ab eum neque voluptas minima accusamus.', 4, '2020-02-19 07:47:57', '2020-02-19 07:47:57'),
(71, 60, 'Jena McKenzie', 'Veritatis quis dolorem repellat ab ex rerum. Et dolore repellat mollitia. Eius facere blanditiis nihil rerum tenetur.', 5, '2020-02-19 07:47:57', '2020-02-19 07:47:57'),
(72, 130, 'Zoe Trantow', 'Enim unde quo asperiores reprehenderit. Doloribus quibusdam autem voluptatem ullam commodi. Eum quibusdam ut molestiae error velit laudantium. Voluptas occaecati earum rerum nesciunt voluptate.', 4, '2020-02-19 07:47:57', '2020-02-19 07:47:57'),
(73, 32, 'Bennett Cummings', 'Placeat impedit illum placeat. Repudiandae quisquam consequatur debitis atque accusamus. Recusandae excepturi explicabo enim consequatur suscipit.', 2, '2020-02-19 07:47:57', '2020-02-19 07:47:57'),
(74, 141, 'Mr. Ubaldo McDermott Sr.', 'Natus vitae asperiores iste magnam iure veniam dolor optio. Et nulla non eveniet tempora ipsum excepturi ratione. Illo quia reprehenderit quibusdam est aut cumque. Voluptatem nam ut tenetur quas.', 2, '2020-02-19 07:47:57', '2020-02-19 07:47:57'),
(75, 22, 'Bertram Kiehn', 'Ex sed necessitatibus labore similique sed. Sit ipsum facere quasi eum laudantium iusto ut. Voluptas nulla nihil nihil sunt aperiam doloribus.', 0, '2020-02-19 07:47:57', '2020-02-19 07:47:57'),
(76, 145, 'Lysanne Price', 'Et fugiat qui repellendus veritatis temporibus. Rerum cupiditate repudiandae fugiat aut deleniti eaque. Sapiente ut aperiam hic illo vero nam est. Quod cumque mollitia ut rerum sed numquam. Eveniet a voluptas rerum aut.', 4, '2020-02-19 07:47:57', '2020-02-19 07:47:57'),
(77, 101, 'Prof. Amy Johnson', 'Est asperiores ipsa aut incidunt. Ipsa dolorem velit sit modi. Illum aut delectus repudiandae deserunt adipisci. Quis beatae omnis labore magni.', 3, '2020-02-19 07:47:57', '2020-02-19 07:47:57'),
(78, 29, 'Jana Bayer', 'Et est aut exercitationem odit possimus animi repellendus est. Ut fuga eius voluptate ut. Consequatur quod est voluptas et sint.', 2, '2020-02-19 07:47:57', '2020-02-19 07:47:57'),
(79, 92, 'Ms. Yvonne Feest DDS', 'Sed atque est minima enim deleniti non fugiat nesciunt. Beatae voluptatum qui exercitationem nihil repellendus numquam. Voluptatibus non distinctio et consequuntur minima porro enim.', 3, '2020-02-19 07:47:57', '2020-02-19 07:47:57'),
(80, 88, 'Nelle Moore', 'Totam ipsa iusto dolorem sint. Cumque aut aliquid omnis tenetur autem illo est repellendus. Eos sed deleniti debitis alias in voluptatum blanditiis.', 4, '2020-02-19 07:47:57', '2020-02-19 07:47:57'),
(81, 83, 'Miss Zella Green', 'Delectus autem adipisci ipsum ut tempore nostrum. Molestias enim nemo in incidunt maiores.', 3, '2020-02-19 07:47:57', '2020-02-19 07:47:57'),
(82, 127, 'Eugenia Tremblay', 'Enim omnis sint sed molestiae in dolor. Quo beatae delectus sapiente ducimus illo vero. Dolor laboriosam et aspernatur et placeat assumenda. Numquam porro incidunt autem dolorum qui quisquam. Perspiciatis ut nesciunt fugit exercitationem aperiam.', 0, '2020-02-19 07:47:57', '2020-02-19 07:47:57'),
(83, 70, 'Lukas Mayert', 'Est error inventore fugiat ea natus. Ut ipsum suscipit ea voluptatem voluptatum fugit omnis exercitationem. A a pariatur est autem eos ut. Labore et minus numquam earum dignissimos.', 1, '2020-02-19 07:47:57', '2020-02-19 07:47:57'),
(84, 79, 'Rosanna Jacobi', 'Amet est omnis vitae. Quis sit ut mollitia autem. Et cum cumque libero et.', 3, '2020-02-19 07:47:57', '2020-02-19 07:47:57'),
(85, 90, 'Miss Lura Kihn IV', 'Ipsum qui dicta eum sed natus fugiat minus. Esse in temporibus quo id quos nisi velit. Voluptatem voluptas eos animi enim rerum omnis. Quis velit enim earum omnis sed iusto.', 1, '2020-02-19 07:47:57', '2020-02-19 07:47:57'),
(86, 91, 'Tamia Effertz', 'Itaque eligendi consequatur et quia. Magnam natus ducimus sed excepturi. Debitis et animi minima debitis error cum officia. Consectetur vel recusandae porro adipisci quam.', 1, '2020-02-19 07:47:57', '2020-02-19 07:47:57'),
(87, 124, 'Mathias Bailey', 'Explicabo est et est voluptatem ea. Excepturi autem vitae delectus temporibus consequatur vel. Voluptatum autem exercitationem iure iusto non.', 2, '2020-02-19 07:47:57', '2020-02-19 07:47:57'),
(88, 25, 'Favian Murazik', 'Dolorum aliquam aliquam sit quidem autem dignissimos sed. A deserunt quaerat harum laborum fugit qui quaerat. Sequi dolor dolor aperiam quas possimus aut veniam. Aut est ut aliquam quis dignissimos quaerat.', 5, '2020-02-19 07:47:57', '2020-02-19 07:47:57'),
(89, 107, 'Arielle White', 'Aut alias voluptates tempore sed incidunt. Ut dolorum dolorem qui quae eligendi. A voluptates hic sint dolor enim.', 3, '2020-02-19 07:47:57', '2020-02-19 07:47:57'),
(90, 64, 'Mr. Oliver Carter I', 'Laudantium voluptatibus incidunt dicta eos voluptatum impedit nobis. Dolorum aut ut sed iste voluptatem sed officia. Repellendus quia ea commodi excepturi doloremque quas rerum.', 3, '2020-02-19 07:47:57', '2020-02-19 07:47:57'),
(91, 87, 'Tyson Lindgren III', 'Tempore aperiam enim dolor aliquid qui accusamus adipisci. Saepe rerum maxime quisquam ea. Vitae et beatae ut labore enim maxime. Aut ratione saepe vel sapiente est quibusdam.', 5, '2020-02-19 07:47:57', '2020-02-19 07:47:57'),
(92, 51, 'Dr. Trey Dooley DVM', 'Est omnis illo aliquid cum esse libero quia. Beatae est qui pariatur deserunt suscipit amet. Id ad pariatur nobis itaque sed sed nulla veritatis.', 1, '2020-02-19 07:47:57', '2020-02-19 07:47:57'),
(93, 83, 'Duncan Nolan IV', 'Ea eum quia fugit et totam et. Incidunt omnis nesciunt rem dolorem. Voluptates natus enim sunt doloribus.', 1, '2020-02-19 07:47:57', '2020-02-19 07:47:57'),
(94, 99, 'Dr. Marcus Boyle DVM', 'Qui in laudantium repellendus saepe saepe molestiae ut molestias. Expedita illo cupiditate qui aperiam. Maxime recusandae molestiae officia illum. Sunt rerum enim aliquid qui eveniet.', 0, '2020-02-19 07:47:57', '2020-02-19 07:47:57'),
(95, 77, 'Lesley Mohr', 'Id aut eos hic unde cumque. Voluptas hic voluptatum maiores natus animi eum incidunt. Odit nulla labore molestiae. Qui unde ratione culpa temporibus eaque aliquid dolores. In et et ut iusto.', 0, '2020-02-19 07:47:57', '2020-02-19 07:47:57'),
(96, 23, 'Rahsaan Feest', 'Eos nobis inventore dolores. Enim numquam nemo voluptas eveniet vel animi iste. Sunt minima sit quam fugiat et quidem voluptatum.', 0, '2020-02-19 07:47:57', '2020-02-19 07:47:57'),
(97, 52, 'Odell Rowe IV', 'Voluptatem qui quasi pariatur pariatur assumenda sint nemo. Est sed molestias totam labore commodi animi. Autem architecto numquam libero corrupti. Animi omnis tempore rerum iusto.', 5, '2020-02-19 07:47:57', '2020-02-19 07:47:57'),
(98, 8, 'Hanna Roob', 'Tempora quia sequi ex dolore. Occaecati quo consequuntur voluptas voluptas. Laboriosam repellendus officia est et saepe voluptatum. Et molestiae eum omnis aut eius qui et. Repellat ipsum eveniet eum dolorem quae excepturi dolores.', 5, '2020-02-19 07:47:57', '2020-02-19 07:47:57'),
(99, 81, 'Jaren Wuckert', 'Voluptas explicabo at aut voluptatem dolor culpa eos. Nihil quaerat odit ex quia consectetur. Vel qui sit incidunt sapiente.', 1, '2020-02-19 07:47:57', '2020-02-19 07:47:57'),
(100, 95, 'Dawn Kemmer', 'Atque est hic ipsa exercitationem et nam omnis. Minus excepturi nam voluptatem consequatur sed est corrupti. Voluptatem quod earum rerum asperiores autem dolorum.', 0, '2020-02-19 07:47:57', '2020-02-19 07:47:57'),
(101, 42, 'Prof. Raina Batz', 'Omnis vitae eum vitae aut. Id sunt ducimus ipsa et eligendi exercitationem nisi. Nemo blanditiis facilis ipsa accusamus. Commodi officiis eum omnis sapiente ea qui doloremque.', 5, '2020-02-19 07:47:57', '2020-02-19 07:47:57'),
(102, 66, 'Danyka Erdman', 'Ex omnis cumque sequi laudantium. Dicta eos quia soluta labore. Repellat in quia veritatis enim excepturi aspernatur tempora. Cum dolorem aut excepturi aut ut illum quod.', 0, '2020-02-19 07:47:57', '2020-02-19 07:47:57'),
(103, 109, 'Joesph Bartoletti', 'Quia sed sequi saepe nisi minus sequi accusantium eos. Asperiores nesciunt rerum aut dolore qui. Accusamus est corrupti dolores eaque dignissimos molestiae aliquam.', 4, '2020-02-19 07:47:57', '2020-02-19 07:47:57'),
(104, 5, 'Jana Stokes', 'Repellat ex quos illo dolores eum dolor. Eos nesciunt iure consequatur rerum reprehenderit porro. Qui et voluptatibus culpa quisquam. Eos vel consequatur voluptatum.', 1, '2020-02-19 07:47:57', '2020-02-19 07:47:57'),
(105, 61, 'Mrs. Carolanne Hermann', 'Magni aspernatur enim ut consequuntur eos quaerat consequatur. Ut quia quam ut recusandae. Temporibus rerum quas illum recusandae. Earum tempora id aspernatur et aut sint. Placeat quisquam voluptatem animi magnam harum.', 2, '2020-02-19 07:47:57', '2020-02-19 07:47:57'),
(106, 15, 'Devon Schiller', 'Sint quod aspernatur repudiandae vel praesentium sunt. Sint explicabo voluptate quam sit reprehenderit provident. Et corporis et quia beatae eaque corporis. Autem sed quam repellendus aperiam. Quas eveniet aut voluptatem corrupti.', 2, '2020-02-19 07:47:57', '2020-02-19 07:47:57'),
(107, 145, 'Queen Treutel', 'Voluptates occaecati perspiciatis impedit autem nostrum id. Quae ipsum voluptates omnis sequi voluptatum. Quasi quisquam architecto quod id voluptates. Aut et sed beatae libero.', 5, '2020-02-19 07:47:57', '2020-02-19 07:47:57'),
(108, 44, 'Tianna Shanahan', 'Fugiat itaque expedita voluptatem ut. Id fuga sunt animi iure suscipit et explicabo. Enim corrupti non consequatur est.', 4, '2020-02-19 07:47:57', '2020-02-19 07:47:57'),
(109, 26, 'Ms. Ava Treutel DVM', 'Alias dolor et et necessitatibus in voluptates. Est quo necessitatibus cupiditate repellendus. Dolor tempora quisquam autem eos alias.', 1, '2020-02-19 07:47:57', '2020-02-19 07:47:57'),
(110, 133, 'Walton Kuhlman', 'Quod nisi autem voluptates numquam vitae. Et dolore natus eius qui facere labore porro. Temporibus a itaque quia molestias ea amet. Dolores qui quam cumque voluptas dignissimos non odio.', 2, '2020-02-19 07:47:57', '2020-02-19 07:47:57'),
(111, 16, 'Davin Funk', 'Quo eligendi et modi voluptatum. Qui ut adipisci consequatur excepturi eveniet accusantium tenetur. Sunt fugiat et omnis id enim mollitia. Et saepe natus est iusto quam suscipit a velit.', 1, '2020-02-19 07:47:57', '2020-02-19 07:47:57'),
(112, 59, 'Mr. Damien Leffler', 'Ut quo et enim rerum itaque qui. Quis aut beatae dignissimos voluptate quo. Autem vitae iusto qui. Error expedita rem et nihil molestiae ab omnis. Accusantium voluptate non aut sed nesciunt sit deserunt.', 1, '2020-02-19 07:47:57', '2020-02-19 07:47:57'),
(113, 133, 'Ernie Klein', 'Cumque consequuntur aut nisi est. Dolorum quia ratione iusto ducimus in omnis consequatur temporibus. Enim beatae nisi sunt.', 4, '2020-02-19 07:47:57', '2020-02-19 07:47:57'),
(114, 48, 'Mr. Ludwig Kautzer Sr.', 'Impedit labore perspiciatis harum voluptatem. Incidunt et optio ab molestiae voluptas nisi. Aliquid quidem doloribus dolorem non numquam amet. Ut perspiciatis fugit omnis facere labore saepe. Magni ab accusantium eius est vel qui ullam.', 3, '2020-02-19 07:47:57', '2020-02-19 07:47:57'),
(115, 80, 'Prof. Lupe Watsica DVM', 'Non voluptas autem illo consectetur minima natus enim. Dolores natus nulla nihil minima omnis omnis qui et. Nesciunt illo quis quo veritatis est iste. Autem alias omnis qui aut praesentium beatae.', 1, '2020-02-19 07:47:57', '2020-02-19 07:47:57'),
(116, 89, 'Christina Considine', 'Soluta enim officia distinctio maxime voluptatem eos. Ut asperiores omnis in adipisci dolor porro at. Adipisci nostrum minima repudiandae est et reprehenderit incidunt. Quos similique nobis minus rerum aliquam laborum quae.', 1, '2020-02-19 07:47:57', '2020-02-19 07:47:57'),
(117, 11, 'Lyric Schroeder IV', 'Ea sit iure molestias voluptatum occaecati. Accusamus eligendi fuga ea et. Vel laudantium accusamus numquam est. Incidunt temporibus labore sequi nihil.', 4, '2020-02-19 07:47:57', '2020-02-19 07:47:57'),
(118, 76, 'Larue Grant', 'Voluptatum deserunt molestiae non nesciunt ipsa consequatur. Culpa et quae quae aperiam voluptatem velit cupiditate. Corrupti est nobis sit quo eos. Deleniti quia aut molestias excepturi facilis. Nihil pariatur optio et qui vel.', 0, '2020-02-19 07:47:57', '2020-02-19 07:47:57'),
(119, 24, 'Bert McLaughlin', 'Ut ea animi laboriosam labore cum ipsa. Consequatur nulla hic alias quo expedita quo consequuntur totam. Maxime fugiat veritatis voluptas consectetur. Saepe rerum et incidunt harum dignissimos quia.', 5, '2020-02-19 07:47:57', '2020-02-19 07:47:57'),
(120, 29, 'Marisol Gaylord', 'Molestiae distinctio officiis culpa libero voluptatum qui dolorem. Dolores numquam odio dolorem ea error.', 0, '2020-02-19 07:47:57', '2020-02-19 07:47:57'),
(121, 115, 'Conor Windler', 'Et quod quaerat assumenda voluptatem. Libero laudantium eveniet assumenda quis labore. Unde officiis nihil eius est aperiam.', 4, '2020-02-19 07:47:57', '2020-02-19 07:47:57'),
(122, 33, 'Cameron Kertzmann', 'Molestiae laudantium nostrum quis ea. Laudantium labore odit omnis quod. Veniam dolorum nihil omnis et quia fugit sit officia. Accusantium ipsam quas ut ipsa quisquam mollitia.', 5, '2020-02-19 07:47:57', '2020-02-19 07:47:57'),
(123, 18, 'Miss Kaitlyn Waelchi', 'Ducimus eligendi animi eum quo eum aperiam nobis. Quae iure asperiores commodi quaerat magni voluptatem. Illo facilis aut vero fugiat.', 3, '2020-02-19 07:47:57', '2020-02-19 07:47:57'),
(124, 65, 'Lucinda Kohler III', 'Est sunt illum rerum. Adipisci quod officia expedita ducimus. Fugiat et et autem aut. Quia quibusdam aut quis aut.', 1, '2020-02-19 07:47:57', '2020-02-19 07:47:57'),
(125, 69, 'Dessie Larkin II', 'Saepe accusamus voluptatem neque deleniti excepturi. Voluptates provident saepe quos fuga. Sapiente est ullam quis illum. Laudantium vel repellendus sunt eligendi.', 1, '2020-02-19 07:47:57', '2020-02-19 07:47:57'),
(126, 41, 'Princess Barton', 'Et eum vitae similique qui. Sapiente eos delectus quis tenetur voluptatem voluptatum atque consequuntur. Vel sapiente facilis voluptatibus vero aut.', 1, '2020-02-19 07:47:57', '2020-02-19 07:47:57'),
(127, 128, 'Thora Schultz', 'Non consequuntur repudiandae voluptatibus quod veritatis et. Eos voluptatem velit consequuntur quibusdam. Ipsa eaque enim omnis temporibus sit voluptas voluptas.', 0, '2020-02-19 07:47:57', '2020-02-19 07:47:57'),
(128, 58, 'Prof. Dina Parker', 'Eius vel id animi molestiae doloribus voluptas voluptates. Est quia nulla rerum molestias quaerat. Consectetur esse itaque ut est vel.', 0, '2020-02-19 07:47:57', '2020-02-19 07:47:57'),
(129, 85, 'Prof. Tina Herman', 'Accusantium dolorem et harum cupiditate ipsam officia impedit fugiat. Dolorum occaecati illum et ratione sit tempore beatae. Odio quia inventore minus et ab placeat quasi. Eaque odit distinctio ex voluptate officiis iure et. Autem occaecati quis accusantium tenetur.', 5, '2020-02-19 07:47:57', '2020-02-19 07:47:57'),
(130, 147, 'Miss Kiana Swift', 'Voluptatem et ratione vel tempora modi iusto. Voluptate corporis deserunt aperiam suscipit numquam. Rerum laudantium consequatur inventore aperiam quia molestias excepturi debitis. Aut error earum sint porro nihil quam molestiae.', 4, '2020-02-19 07:47:57', '2020-02-19 07:47:57'),
(131, 69, 'Pearl Franecki', 'Minus et et in eum sint est. Sint quibusdam voluptates amet veniam eaque. Accusantium quos aut et tempore blanditiis quis. Laudantium numquam perferendis iusto et velit.', 0, '2020-02-19 07:47:57', '2020-02-19 07:47:57'),
(132, 27, 'Mrs. Eldora Bode', 'Provident velit nihil inventore. Nam molestiae aspernatur dolore minus suscipit et. Praesentium debitis asperiores voluptatibus beatae consequatur quasi. Officiis quaerat dignissimos illo in. Non est et reiciendis.', 5, '2020-02-19 07:47:57', '2020-02-19 07:47:57'),
(133, 131, 'Madaline Torphy', 'Ipsum et qui error officiis. Labore cupiditate aut enim alias natus. Ut impedit voluptatem illo quaerat non. Aliquid exercitationem rerum ut sapiente perspiciatis rem. Fugiat rerum sed enim nesciunt veniam facere.', 3, '2020-02-19 07:47:57', '2020-02-19 07:47:57'),
(134, 76, 'Barton Stracke', 'Voluptatem enim officiis ut nemo numquam sapiente velit et. Omnis impedit doloribus ipsum illo iusto. Beatae nobis dolorem necessitatibus commodi vel.', 4, '2020-02-19 07:47:57', '2020-02-19 07:47:57'),
(135, 122, 'Keshawn Bashirian', 'Quis et pariatur suscipit rerum consequatur non consequatur quis. Voluptatem exercitationem adipisci ex vel quis nesciunt quo aperiam. Quia id consequatur aliquam consequatur laborum.', 4, '2020-02-19 07:47:57', '2020-02-19 07:47:57'),
(136, 24, 'Ruth Kassulke', 'Dolor tempore eum officiis modi aut. Aut et voluptas itaque. Eos et debitis repudiandae.', 2, '2020-02-19 07:47:57', '2020-02-19 07:47:57'),
(137, 33, 'Luna Kohler', 'Tenetur autem quidem omnis esse commodi non. Illo perspiciatis voluptatibus fugit dolores et. Eveniet eaque deleniti quidem illo qui. Aut consequatur velit eos repudiandae voluptates.', 1, '2020-02-19 07:47:57', '2020-02-19 07:47:57'),
(138, 4, 'Marlen Weimann', 'Nam rerum voluptatem minima et aut voluptate repudiandae. Molestiae ipsum deserunt voluptatem aut consequatur sunt. Quis corporis iste porro nostrum.', 3, '2020-02-19 07:47:57', '2020-02-19 07:47:57'),
(139, 105, 'Jennie Kuphal', 'Neque sunt dolorum at reiciendis ut. Molestias aliquid sed eligendi quam similique doloribus fuga. Qui aspernatur ut saepe et. Et quasi excepturi quia consequatur odio aut.', 2, '2020-02-19 07:47:57', '2020-02-19 07:47:57'),
(140, 145, 'Guiseppe Heller', 'Et voluptatem quibusdam quia et nihil vel aspernatur. Natus qui unde ducimus laudantium nulla velit. Saepe laborum ab sunt modi qui sint.', 4, '2020-02-19 07:47:57', '2020-02-19 07:47:57'),
(141, 136, 'Eloy Hill MD', 'Laudantium alias nisi deserunt quo quo itaque. Est iusto qui sit consequatur voluptatem. Officiis mollitia quidem ea quo sequi quia omnis dolor.', 5, '2020-02-19 07:47:57', '2020-02-19 07:47:57'),
(142, 5, 'Abner Heidenreich', 'Quis sequi sunt autem. Quo nobis porro beatae. Et qui explicabo quo est. Non occaecati mollitia minus fugiat vel.', 2, '2020-02-19 07:47:57', '2020-02-19 07:47:57'),
(143, 102, 'Christina Kirlin', 'Qui labore dolorem dolor et. Ut accusantium officia quibusdam culpa. Eligendi hic molestiae voluptatem sapiente. Ea autem quaerat repellat est.', 4, '2020-02-19 07:47:57', '2020-02-19 07:47:57'),
(144, 81, 'Vesta Lueilwitz', 'Odio vel impedit laudantium. Officiis voluptatem fugiat labore. Tenetur qui quam minus mollitia.', 0, '2020-02-19 07:47:57', '2020-02-19 07:47:57'),
(145, 41, 'Linnie Jacobson', 'Ut esse alias fuga et natus. Libero blanditiis est ullam suscipit. Officia repellat ducimus vel ducimus. Quaerat et quidem autem et debitis. Explicabo est sint illum et voluptas quos.', 3, '2020-02-19 07:47:57', '2020-02-19 07:47:57'),
(146, 68, 'Liliane Ritchie', 'Culpa provident aperiam autem qui dicta explicabo laboriosam et. Distinctio explicabo libero eius fugit. Est optio possimus non corrupti voluptas et iure. Sit incidunt ab eos voluptatibus sed. Minima qui cupiditate harum ut ut aut.', 3, '2020-02-19 07:47:57', '2020-02-19 07:47:57'),
(147, 118, 'Adolf Greenfelder Jr.', 'Ducimus soluta accusamus velit ipsa temporibus et. Aut dolorum amet ullam quidem. Eaque vero eveniet est. Dolore optio omnis cupiditate ex error et animi dolore.', 3, '2020-02-19 07:47:57', '2020-02-19 07:47:57'),
(148, 20, 'Orrin Larson', 'Sunt omnis nesciunt tempora ex quis velit impedit. Dolorem sequi ut recusandae et aut vitae dolore. Rerum dolores saepe molestiae ea. Occaecati aut unde consequatur fuga esse neque autem. Et accusamus nostrum repellat nesciunt sunt eum.', 4, '2020-02-19 07:47:57', '2020-02-19 07:47:57'),
(149, 113, 'Earnest Farrell', 'Ut nisi assumenda perspiciatis nihil repellendus. Est et sit accusantium reprehenderit voluptatum. Qui ut aut culpa necessitatibus nemo sint omnis qui. Cupiditate aut quasi alias. Nihil in quidem est nulla.', 2, '2020-02-19 07:47:57', '2020-02-19 07:47:57'),
(150, 150, 'Ova Stroman', 'Sit sunt et officia eaque amet fugit dolore. Accusantium nisi corrupti est sed laboriosam. Porro sequi officiis explicabo perspiciatis.', 1, '2020-02-19 07:47:57', '2020-02-19 07:47:57'),
(151, 102, 'Blaise Littel', 'Dolorem facere explicabo inventore dolores. Rerum ducimus at consequatur ut repudiandae nihil. Omnis totam fugiat officiis exercitationem.', 1, '2020-02-19 07:47:58', '2020-02-19 07:47:58'),
(152, 125, 'Vergie Berge', 'Occaecati maxime ipsam reiciendis quidem consequuntur. Enim ut cumque minima sit placeat vitae. Molestiae quod cumque soluta minus autem. Sit amet omnis ex dolores.', 5, '2020-02-19 07:47:58', '2020-02-19 07:47:58'),
(153, 65, 'Gregorio Haley MD', 'At perferendis laudantium a nesciunt. In soluta iusto autem mollitia aliquam nihil quis. Ad earum quaerat sit aut ut consequatur.', 3, '2020-02-19 07:47:58', '2020-02-19 07:47:58'),
(154, 63, 'Marquis Anderson', 'Non omnis atque dolores voluptate illo. Libero sit quaerat perspiciatis rerum repellendus.', 5, '2020-02-19 07:47:58', '2020-02-19 07:47:58'),
(155, 32, 'Phoebe Schaefer', 'Accusamus id doloremque facere omnis pariatur ad. Placeat sit sint eligendi ipsum quod quaerat. Est sit beatae quia deserunt dolores minus iste. Vel suscipit totam deleniti et rem illo.', 4, '2020-02-19 07:47:58', '2020-02-19 07:47:58'),
(156, 95, 'Jameson Ratke', 'Molestiae sit necessitatibus consequuntur rerum magnam. Ut sunt natus culpa qui maxime tempora quas.', 3, '2020-02-19 07:47:58', '2020-02-19 07:47:58'),
(157, 75, 'Cecile Hessel', 'Non quaerat suscipit natus dolorem qui nesciunt. Facilis impedit vitae culpa dolor quidem. Natus placeat harum dolorem. Autem eos qui fuga sed nisi enim.', 3, '2020-02-19 07:47:58', '2020-02-19 07:47:58'),
(158, 119, 'Dr. Lenny Labadie', 'Illo et impedit totam voluptatem aperiam expedita ipsa porro. Quia impedit ea aut molestias tempora. Aliquam ipsam quod labore rerum. Deserunt nesciunt nihil molestiae tenetur et.', 4, '2020-02-19 07:47:58', '2020-02-19 07:47:58'),
(159, 109, 'Kenyon Green Jr.', 'Ducimus error temporibus ut nesciunt. Qui eligendi voluptatum minus adipisci. Odit similique qui doloremque.', 5, '2020-02-19 07:47:58', '2020-02-19 07:47:58'),
(160, 102, 'Deontae Labadie', 'Nihil quasi velit voluptatem laborum. Rem voluptatem eum nihil. Et qui quos vel voluptatum consequatur qui culpa beatae. Minima quos quidem ad dolores porro voluptatibus blanditiis ut.', 3, '2020-02-19 07:47:58', '2020-02-19 07:47:58'),
(161, 38, 'Brent Halvorson', 'Libero dolorem ab aut. Voluptatem fugiat velit doloremque ducimus rerum. Aut sit pariatur illum aspernatur.', 2, '2020-02-19 07:47:58', '2020-02-19 07:47:58'),
(162, 24, 'Dr. Nannie Hirthe IV', 'Necessitatibus velit alias sit laudantium doloremque quas cupiditate. Velit natus ab laboriosam provident sapiente. Ea eum ut ratione voluptatem. Non nisi nihil omnis. Necessitatibus a excepturi consequuntur.', 5, '2020-02-19 07:47:58', '2020-02-19 07:47:58'),
(163, 144, 'Makenna Cassin II', 'Dolores vel maxime sequi impedit. Consequuntur placeat nihil tempora quo nesciunt ipsa sunt labore. Adipisci recusandae et assumenda culpa nihil laborum alias.', 2, '2020-02-19 07:47:58', '2020-02-19 07:47:58'),
(164, 37, 'Mae Schneider Sr.', 'Voluptate ex voluptas molestias praesentium expedita commodi. Omnis labore id odio tempora. Sed ea tempore veritatis sunt. Qui minima et repudiandae nemo voluptatem. Maxime neque ut sed nesciunt consequatur quibusdam.', 2, '2020-02-19 07:47:58', '2020-02-19 07:47:58'),
(165, 58, 'Myrtie Brown', 'Assumenda est nihil mollitia enim nisi deserunt esse a. Ea exercitationem enim non nostrum nulla tempora repellat. Dolorum dolores sunt eos voluptatum voluptatem. Ut sunt id quia laborum optio sint.', 2, '2020-02-19 07:47:58', '2020-02-19 07:47:58'),
(166, 140, 'Mrs. Rosa Bergstrom', 'Aut aut quaerat quas magnam est. Ea unde earum molestiae unde dolor. Dolor ut autem similique atque.', 5, '2020-02-19 07:47:58', '2020-02-19 07:47:58'),
(167, 136, 'Lizeth Marks', 'Illo et eos nemo praesentium. Laboriosam recusandae aperiam quasi assumenda earum deleniti sapiente.', 2, '2020-02-19 07:47:58', '2020-02-19 07:47:58'),
(168, 140, 'Dr. Forrest Towne II', 'Eum dolorem minus est doloremque. Asperiores repudiandae voluptatem autem sunt enim. Ex et iure omnis ipsa culpa maiores. Voluptatem quos tenetur quo enim et et.', 5, '2020-02-19 07:47:58', '2020-02-19 07:47:58'),
(169, 142, 'Marina Hermann Jr.', 'Tenetur nobis nisi esse sunt sit deserunt aut. Fugit ut ipsum culpa inventore.', 3, '2020-02-19 07:47:58', '2020-02-19 07:47:58'),
(170, 87, 'Wilton Murazik', 'Quia omnis voluptate molestiae. Consequatur iure et consequatur non. Nostrum accusantium enim omnis dolor dolorem. Eveniet consequatur voluptatibus incidunt.', 2, '2020-02-19 07:47:58', '2020-02-19 07:47:58'),
(171, 147, 'Prof. Isaac Goyette Sr.', 'Est aperiam nihil qui eligendi aut sunt. Enim esse ad ad. Accusamus eum dicta excepturi sapiente voluptates voluptatem adipisci. Hic eligendi soluta impedit sequi id.', 2, '2020-02-19 07:47:58', '2020-02-19 07:47:58'),
(172, 45, 'Prof. Leola Koelpin', 'Commodi aut voluptas atque suscipit et enim saepe odio. Dolores est aliquid dolor. Ipsam similique voluptatem eaque. Voluptatibus dolores officia corrupti voluptatum. Eum qui fugit corrupti velit repellendus.', 5, '2020-02-19 07:47:58', '2020-02-19 07:47:58'),
(173, 95, 'Prof. Anjali Rohan', 'Aut eum autem ut dolor. Dolorem explicabo est molestiae nostrum odio aut et eaque. Et at veniam qui provident minima. Natus voluptatibus omnis molestiae non sint sapiente incidunt. Et ad dolorum harum aspernatur in nulla est.', 2, '2020-02-19 07:47:58', '2020-02-19 07:47:58'),
(174, 143, 'Fanny Runolfsson II', 'Voluptatem ipsam blanditiis nisi et aut fugiat corporis. Ea eius repudiandae labore harum est. Quam laborum vero autem fuga.', 4, '2020-02-19 07:47:58', '2020-02-19 07:47:58'),
(175, 73, 'Elizabeth Bailey', 'Magni itaque iure ut. Praesentium quisquam beatae dignissimos inventore. Et quasi amet porro est.', 5, '2020-02-19 07:47:58', '2020-02-19 07:47:58'),
(176, 112, 'Edison Lind', 'Aperiam quis eius cupiditate ipsum nam impedit. Beatae doloribus exercitationem eum at.', 4, '2020-02-19 07:47:58', '2020-02-19 07:47:58'),
(177, 32, 'Vena Moore II', 'Ipsa explicabo et quas tempore asperiores dolore. Reiciendis aspernatur ut adipisci consectetur non. Quibusdam qui mollitia ut numquam.', 3, '2020-02-19 07:47:58', '2020-02-19 07:47:58'),
(178, 124, 'Prof. Bella Frami Sr.', 'Magnam beatae cumque quaerat perferendis. Esse qui aliquam ut dolores deleniti odio maiores. Recusandae consequatur minus libero et ratione commodi ut adipisci.', 4, '2020-02-19 07:47:58', '2020-02-19 07:47:58'),
(179, 37, 'Gwendolyn Davis', 'Adipisci illum assumenda dolor excepturi aliquam saepe. Temporibus enim dolore facilis cupiditate modi. Accusamus blanditiis eligendi aut ut. Facere et inventore temporibus quia dolor velit.', 1, '2020-02-19 07:47:58', '2020-02-19 07:47:58'),
(180, 2, 'Prof. Francesco Sipes', 'Debitis quos et consequatur. Ut ipsam consequuntur quisquam molestiae dolorem omnis aut animi. Rerum velit voluptatibus excepturi autem qui minus quos.', 1, '2020-02-19 07:47:58', '2020-02-19 07:47:58'),
(181, 115, 'Prof. Diego Champlin', 'Nemo ut quaerat repellendus aut aliquid qui quisquam quod. Sapiente nesciunt voluptates qui ratione ut. Autem dolorem illo ducimus.', 2, '2020-02-19 07:47:58', '2020-02-19 07:47:58'),
(182, 70, 'Krista Thompson', 'Rerum dolor velit iusto. Nihil illum aut laudantium doloribus aliquid inventore molestias. Atque quaerat temporibus natus est repellat.', 4, '2020-02-19 07:47:58', '2020-02-19 07:47:58'),
(183, 62, 'Stella Zieme', 'Rerum eos ullam quae sed aliquid. Voluptates ut rerum corporis beatae blanditiis. Est et dolores rerum commodi molestiae est. Quibusdam est mollitia rem odio ducimus.', 5, '2020-02-19 07:47:58', '2020-02-19 07:47:58'),
(184, 60, 'Mrs. Larissa Greenholt I', 'Incidunt quis est quam consequatur veritatis voluptatibus. Quo quidem maiores atque suscipit eum explicabo.', 1, '2020-02-19 07:47:58', '2020-02-19 07:47:58'),
(185, 121, 'Alexandra D\'Amore', 'Voluptatem ullam itaque accusantium incidunt id voluptatem. Eum voluptatum autem sed rerum ipsa nam ipsa. Et non totam et aliquid sunt natus. Maiores doloremque eum numquam vel eius magnam.', 0, '2020-02-19 07:47:58', '2020-02-19 07:47:58'),
(186, 23, 'Cooper Ullrich', 'Ex quo recusandae delectus quis provident quaerat. Qui voluptas in ea voluptate quos modi rerum ea. Voluptate ut voluptatem corrupti quibusdam suscipit modi ipsum.', 1, '2020-02-19 07:47:58', '2020-02-19 07:47:58'),
(187, 36, 'Elfrieda Roberts', 'Sed est tenetur laudantium aut aut officiis modi. Voluptas quod consequuntur aut eos inventore explicabo. Alias maxime ex libero. Ut nihil iusto et doloribus et.', 1, '2020-02-19 07:47:58', '2020-02-19 07:47:58'),
(188, 127, 'Alan Herman', 'Aut omnis provident necessitatibus adipisci quae. Harum non nobis non molestias eos vel. Sit excepturi officiis voluptatibus sunt minus. Id velit sed autem sed. Repudiandae mollitia ad qui exercitationem id vel cum.', 3, '2020-02-19 07:47:58', '2020-02-19 07:47:58'),
(189, 81, 'Prof. Sydney Hane MD', 'Assumenda provident ut ex illo. Rerum neque reiciendis ratione architecto tempora cum qui. Repellat praesentium dolores dolore est rerum. Eum rem nulla facere laborum modi est accusantium at.', 2, '2020-02-19 07:47:58', '2020-02-19 07:47:58'),
(190, 109, 'Ms. Abigayle Roob', 'Doloremque hic rerum qui rerum assumenda nesciunt. Numquam veritatis temporibus dolores dignissimos ullam. Delectus perferendis nostrum illo exercitationem unde rerum molestiae reiciendis. At deleniti et beatae voluptatum quibusdam quibusdam est.', 0, '2020-02-19 07:47:58', '2020-02-19 07:47:58'),
(191, 128, 'Carolina Bashirian', 'Voluptas repellendus aliquid quam sit illo dolor. Consequatur officiis ea et repellendus. Et voluptas harum asperiores incidunt et sint consequatur. Inventore ratione maiores dignissimos magnam velit ullam.', 1, '2020-02-19 07:47:58', '2020-02-19 07:47:58'),
(192, 136, 'Dell Hane', 'Et sit rerum maiores. At qui qui est expedita ratione eum laudantium reprehenderit. Deserunt cum sunt qui rem beatae in.', 0, '2020-02-19 07:47:58', '2020-02-19 07:47:58'),
(193, 51, 'Mr. Alfonzo Stanton', 'Est distinctio animi velit dolorum. Exercitationem et sit cumque aut qui eaque. Corrupti adipisci vel praesentium harum corrupti et. Harum qui dolor qui veniam.', 3, '2020-02-19 07:47:58', '2020-02-19 07:47:58'),
(194, 17, 'Wilfredo McLaughlin', 'Quia earum facere unde ad consectetur nobis aut. Pariatur adipisci est necessitatibus. Rerum recusandae aut ut impedit. Praesentium quo veniam amet commodi atque sed.', 5, '2020-02-19 07:47:58', '2020-02-19 07:47:58'),
(195, 16, 'Dr. Alejandrin Bayer DVM', 'Veritatis qui autem labore sint vel iusto omnis. Velit id sed cupiditate a molestias omnis omnis. Temporibus voluptatem voluptas possimus veritatis repellendus quod.', 0, '2020-02-19 07:47:58', '2020-02-19 07:47:58'),
(196, 91, 'Justice Brekke', 'Et provident natus perspiciatis ut delectus non consequatur aperiam. Eius iure nihil voluptatem enim laboriosam eius nulla.', 4, '2020-02-19 07:47:58', '2020-02-19 07:47:58'),
(197, 97, 'Mr. Wilson Wilderman', 'Sunt beatae aspernatur rerum natus. Voluptatum et consectetur tenetur aut. Inventore voluptas ullam et temporibus sunt id. Reiciendis accusamus et sapiente aut iusto.', 4, '2020-02-19 07:47:58', '2020-02-19 07:47:58'),
(198, 3, 'Prof. Idell Von', 'Ad tempore id rerum cum fugit ab at. Fugiat explicabo itaque facilis repellat at. Doloremque repudiandae sed et mollitia optio ea et tempore. Et ex earum rerum ut commodi.', 2, '2020-02-19 07:47:58', '2020-02-19 07:47:58'),
(199, 102, 'Eliezer Upton Jr.', 'Sed eos fuga qui ducimus omnis et. Id earum in quos aperiam. Sed quia dicta dolores dolorem omnis dignissimos adipisci numquam. Ipsa voluptates non ut voluptas quia id numquam aut.', 4, '2020-02-19 07:47:58', '2020-02-19 07:47:58'),
(200, 102, 'Mr. Deshawn Pollich V', 'Eveniet molestias qui doloremque similique. Officiis ex quas placeat. Quae aut accusamus dignissimos rerum et saepe. Ex ipsum quo eos minus.', 5, '2020-02-19 07:47:58', '2020-02-19 07:47:58'),
(201, 102, 'Brendan Frami', 'Iusto id maiores ut sunt optio autem qui. Tempore aliquid sint qui doloribus perferendis totam. Autem quo culpa et tempora distinctio. Ipsam rerum maxime sit sequi.', 0, '2020-02-19 07:47:58', '2020-02-19 07:47:58'),
(202, 98, 'Dena McDermott', 'Maxime assumenda aspernatur illum cum animi optio. Voluptatibus ullam illum fugiat molestiae deserunt neque. Quasi ea nam ex sit. Aspernatur esse nostrum voluptatem accusamus. Saepe nesciunt et quam quis provident.', 2, '2020-02-19 07:47:58', '2020-02-19 07:47:58');
INSERT INTO `reviews` (`id`, `product_id`, `customer`, `review`, `star`, `created_at`, `updated_at`) VALUES
(203, 120, 'Mr. Gideon Rice', 'Ullam iure iusto sint iure ut accusantium aspernatur. Non qui labore voluptas debitis dolorem. Assumenda sapiente et sapiente tempore maiores autem ea nihil. Quasi et facere vel dolorem et distinctio.', 0, '2020-02-19 07:47:58', '2020-02-19 07:47:58'),
(204, 35, 'Nick Stark', 'Temporibus et corrupti quisquam perferendis. Tenetur voluptas eaque placeat perspiciatis accusantium sunt accusamus error. Vitae amet consectetur voluptatem quo necessitatibus dolorum.', 0, '2020-02-19 07:47:58', '2020-02-19 07:47:58'),
(205, 53, 'Jermain Hyatt', 'Molestiae omnis sed sint ut nulla mollitia quia. Aut rerum recusandae rerum explicabo.', 2, '2020-02-19 07:47:58', '2020-02-19 07:47:58'),
(206, 47, 'Raheem Cummings', 'Adipisci voluptatem totam et reiciendis ut. Repudiandae velit labore quis in odio iusto mollitia. Voluptatem est sequi sit est dolorem non facilis. Placeat qui amet voluptatibus asperiores dolorem mollitia.', 5, '2020-02-19 07:47:58', '2020-02-19 07:47:58'),
(207, 59, 'Hildegard Gorczany PhD', 'Voluptatem explicabo unde fugit et. Atque distinctio consectetur vitae aut. Facilis omnis mollitia ipsum tempore dolor maxime laboriosam. Tempore architecto temporibus deserunt quasi perspiciatis nemo.', 3, '2020-02-19 07:47:58', '2020-02-19 07:47:58'),
(208, 122, 'Reese Hermann', 'Dolores perspiciatis quod doloribus nostrum porro voluptatem aut. Facere sed veritatis nesciunt blanditiis voluptas nulla. Mollitia maxime iusto omnis dolorem beatae id. Qui cupiditate deserunt natus sed.', 0, '2020-02-19 07:47:58', '2020-02-19 07:47:58'),
(209, 100, 'Sally Jaskolski', 'Porro aliquid beatae aut sed fugiat quasi. Sequi sapiente itaque nihil quia possimus minus saepe. Omnis nihil tenetur quibusdam sint tempora.', 5, '2020-02-19 07:47:58', '2020-02-19 07:47:58'),
(210, 11, 'Amy Jacobi', 'Deserunt rerum qui sint et. Repudiandae exercitationem aut illum. Quibusdam voluptas dolores et molestiae consequatur dolores.', 2, '2020-02-19 07:47:58', '2020-02-19 07:47:58'),
(211, 148, 'Hollis Klein PhD', 'Quis delectus sed maxime. Exercitationem reiciendis quisquam molestiae sint enim sed. Modi aut necessitatibus eos maiores et at. Illum ad blanditiis sit consequatur quaerat ipsa doloribus.', 5, '2020-02-19 07:47:58', '2020-02-19 07:47:58'),
(212, 101, 'Korey Rippin', 'Dolorem consequuntur assumenda explicabo quo. Et dolorem rem ullam vero quod ut unde vitae. Ratione aperiam quisquam nihil accusantium. Fuga ipsam quo voluptate consectetur reiciendis ut ut blanditiis.', 4, '2020-02-19 07:47:58', '2020-02-19 07:47:58'),
(213, 9, 'Jessica Toy V', 'Nihil voluptas quod officiis neque ad. Possimus esse voluptas suscipit nihil eos occaecati et aut. Repudiandae odit totam quia facilis consequatur aut. Tenetur excepturi porro consectetur qui doloribus qui est.', 2, '2020-02-19 07:47:58', '2020-02-19 07:47:58'),
(214, 140, 'Mrs. Eleanore Labadie', 'Officiis velit aut qui aliquam aut. Optio et eum iste veritatis magnam aut ut sunt. Nostrum aperiam ab quaerat quis adipisci a. Molestias qui enim assumenda et aliquam.', 5, '2020-02-19 07:47:58', '2020-02-19 07:47:58'),
(215, 77, 'Dr. Jamel Weber Sr.', 'Vitae recusandae ad quas tempora iusto similique iure. Et iure itaque recusandae sed excepturi inventore commodi. Esse dicta fuga et. Molestiae qui enim voluptate inventore ut.', 3, '2020-02-19 07:47:58', '2020-02-19 07:47:58'),
(216, 62, 'Prof. Opal Mitchell', 'Sed enim minus esse eligendi sed ab natus doloremque. Aliquam unde ut fugiat est. Earum odio est voluptates autem quod.', 1, '2020-02-19 07:47:58', '2020-02-19 07:47:58'),
(217, 91, 'Donato Stokes', 'Mollitia laboriosam iusto dolor a pariatur est magnam. Perferendis laborum beatae vel repudiandae. Voluptates esse optio harum unde similique. Aut dolorem qui consectetur enim non eum debitis delectus. Nesciunt cum ut dolores et dignissimos rerum.', 0, '2020-02-19 07:47:58', '2020-02-19 07:47:58'),
(218, 91, 'Mrs. Rebecca Jenkins', 'Praesentium repudiandae magnam ea eum vero officia. Expedita eum amet totam. Inventore quia nihil exercitationem accusantium quisquam ea recusandae laudantium.', 2, '2020-02-19 07:47:58', '2020-02-19 07:47:58'),
(219, 18, 'Mossie Koelpin', 'Et rerum dolorum minus assumenda. Dolor repellat mollitia cum saepe consequatur ut. Et perspiciatis corrupti deserunt dicta voluptas quia. Aliquam eligendi fuga velit perspiciatis velit expedita ut. Sint eos earum illum explicabo in eius nihil.', 0, '2020-02-19 07:47:58', '2020-02-19 07:47:58'),
(220, 24, 'Mrs. Adah Kling V', 'Consequatur et velit sit consequatur. Occaecati eaque atque eveniet qui. Consectetur ea quia dolores ut exercitationem consequuntur. Id velit praesentium quam dignissimos hic nobis illum.', 3, '2020-02-19 07:47:58', '2020-02-19 07:47:58'),
(221, 149, 'Dr. Evalyn Mills', 'Earum culpa rem rerum sequi rerum deleniti enim et. Rem expedita quae quos. Dolorem eum ut voluptatem quas sunt quaerat blanditiis.', 3, '2020-02-19 07:47:58', '2020-02-19 07:47:58'),
(222, 124, 'Chet Koss', 'Totam et eaque aut culpa rem. Odio deleniti et amet vitae distinctio omnis. Aut voluptas nihil laborum.', 4, '2020-02-19 07:47:58', '2020-02-19 07:47:58'),
(223, 58, 'Kaitlin Brekke', 'Suscipit veritatis illo non hic et. Et aut itaque voluptatem quia soluta. Alias sit et cupiditate recusandae eaque.', 2, '2020-02-19 07:47:58', '2020-02-19 07:47:58'),
(224, 101, 'Mrs. Guadalupe VonRueden Jr.', 'Reiciendis qui veritatis dicta vel et quia ut. Quis voluptas quisquam quasi. Maiores ab ratione cum explicabo aut. Sit ullam eos possimus.', 1, '2020-02-19 07:47:58', '2020-02-19 07:47:58'),
(225, 149, 'Rodrick Rosenbaum IV', 'Officiis reiciendis sapiente molestias sint dolores non quae est. Corrupti dolores qui qui nemo qui soluta repellendus maxime. Non exercitationem et et provident numquam voluptatem. Nam quod impedit ut voluptate minus est.', 3, '2020-02-19 07:47:58', '2020-02-19 07:47:58'),
(226, 102, 'Florencio Rippin', 'Animi cumque est ut voluptas autem ipsa. Repellendus et aliquam aut deserunt. Quia corrupti in quibusdam expedita.', 3, '2020-02-19 07:47:58', '2020-02-19 07:47:58'),
(227, 137, 'Annabell Bednar V', 'Sint error laudantium neque aut dolores vel. Corrupti et recusandae qui fugiat veniam veritatis voluptate. Qui deserunt deleniti quidem fugiat sapiente et ut. Animi nulla quos sunt fugiat ad.', 3, '2020-02-19 07:47:58', '2020-02-19 07:47:58'),
(228, 146, 'Mae Schiller', 'Eaque nesciunt provident ea mollitia non. Earum recusandae sapiente nihil perspiciatis. Aperiam non neque cupiditate officia explicabo ab praesentium. Explicabo minus consectetur est blanditiis sint dignissimos.', 1, '2020-02-19 07:47:58', '2020-02-19 07:47:58'),
(229, 44, 'Mr. Reggie Simonis PhD', 'Culpa nesciunt alias aperiam minus consequuntur id reprehenderit. Architecto consequatur libero dolores dolor veritatis autem. Et doloremque sed nostrum cum vero consectetur. Aperiam harum soluta sit asperiores quis.', 3, '2020-02-19 07:47:58', '2020-02-19 07:47:58'),
(230, 99, 'Prof. Maverick Howell', 'Est sapiente quo quo nemo. Qui tenetur est facere facilis eaque officia voluptatem suscipit. Amet rem non nemo eos nostrum soluta. Ipsam molestiae qui quidem sint accusamus.', 1, '2020-02-19 07:47:58', '2020-02-19 07:47:58'),
(231, 115, 'Domingo Fadel', 'Quis odit provident error odio consectetur. Rem mollitia dicta distinctio est cupiditate autem vel.', 4, '2020-02-19 07:47:58', '2020-02-19 07:47:58'),
(232, 68, 'Dr. Kamren Corwin DVM', 'Est atque sunt maiores fugit error necessitatibus. Odit ab nisi eaque sed aut cumque sed. Quo ut animi ea commodi explicabo aliquid beatae.', 1, '2020-02-19 07:47:58', '2020-02-19 07:47:58'),
(233, 106, 'Freeda Hamill I', 'Qui pariatur similique repudiandae earum harum mollitia illo. Dolores quod qui sequi asperiores et optio quos. Quia dolor temporibus velit id.', 4, '2020-02-19 07:47:58', '2020-02-19 07:47:58'),
(234, 20, 'Oran Koch', 'Blanditiis illo molestiae minima culpa. Inventore eligendi totam debitis eos et officiis.', 2, '2020-02-19 07:47:58', '2020-02-19 07:47:58'),
(235, 124, 'Dr. Price Renner', 'Reprehenderit distinctio aut autem error odit earum et. Nihil sed ut atque accusantium nihil excepturi. Sed illo nostrum voluptas non ut quae. Accusamus ut repudiandae rerum.', 3, '2020-02-19 07:47:58', '2020-02-19 07:47:58'),
(236, 139, 'Prof. Jakayla Oberbrunner V', 'Quae rerum sapiente impedit sequi ad est iusto. Debitis laudantium amet nam ut numquam vel. Dicta enim unde consequatur maxime quia cupiditate. Consectetur ratione laudantium nihil sunt qui.', 2, '2020-02-19 07:47:58', '2020-02-19 07:47:58'),
(237, 70, 'Gaylord Lesch', 'Id quis dolores et molestiae sapiente porro. Qui quos saepe soluta omnis sint consequuntur. Est eaque eos voluptatem animi.', 0, '2020-02-19 07:47:58', '2020-02-19 07:47:58'),
(238, 49, 'Morgan Dach', 'Reiciendis eius nemo consequatur. Ipsum repudiandae animi libero vel pariatur rem. Natus optio ut quod ut ipsam facere occaecati.', 4, '2020-02-19 07:47:58', '2020-02-19 07:47:58'),
(239, 111, 'Meta Klocko', 'Est odit incidunt dolore at velit perferendis ipsam. Corrupti earum dolores itaque recusandae odit eius. Quidem iure quod in maxime. Quo enim molestiae maiores reprehenderit asperiores iusto.', 5, '2020-02-19 07:47:58', '2020-02-19 07:47:58'),
(240, 98, 'Prof. Donald Hauck MD', 'Harum ut non iusto qui quaerat. Veniam rem quis placeat exercitationem placeat. Tenetur doloremque ut consequatur molestias reprehenderit esse architecto. Minima laboriosam dolorum nulla.', 2, '2020-02-19 07:47:58', '2020-02-19 07:47:58'),
(241, 120, 'Frankie Schumm', 'Asperiores porro exercitationem autem ea voluptatem. Blanditiis sequi amet repellat in voluptas ipsa. Magnam sint voluptatem ut nobis voluptatibus nisi. Et vitae tempore quam officia.', 5, '2020-02-19 07:47:58', '2020-02-19 07:47:58'),
(242, 122, 'Elsie O\'Connell', 'Quo fugit minus quibusdam. Consequatur aut repudiandae velit officia molestias labore. Vel repellat numquam vel quis. Nihil esse officiis eligendi sed consequatur consequatur quod.', 0, '2020-02-19 07:47:58', '2020-02-19 07:47:58'),
(243, 47, 'Kamille Stark', 'Aperiam cum in iste occaecati. Ipsam ipsam sed tempora consequatur.', 4, '2020-02-19 07:47:58', '2020-02-19 07:47:58'),
(244, 47, 'Mike D\'Amore', 'Vero ipsum doloribus eaque quia amet repudiandae. Ex ea voluptates nobis numquam. Vero sint et rem ipsa error. Ullam explicabo soluta corporis consectetur quas ut provident.', 0, '2020-02-19 07:47:58', '2020-02-19 07:47:58'),
(245, 92, 'Prof. Hadley Schmidt', 'Omnis voluptas ut tenetur dolorem tempore ratione vero. Tempora eaque incidunt soluta ullam velit qui id rem. Doloremque quia eius harum quia voluptatum ipsum quae in. Quam velit nobis non autem. Totam eum voluptate fugiat magnam impedit.', 0, '2020-02-19 07:47:58', '2020-02-19 07:47:58'),
(246, 11, 'Miss Lilyan Miller', 'Corporis ut aut velit aperiam ipsum amet nisi. Similique est et officiis et amet aut. Culpa magnam est iusto tempore omnis eveniet. Minus ut ut molestias adipisci nostrum praesentium eos.', 4, '2020-02-19 07:47:58', '2020-02-19 07:47:58'),
(247, 79, 'Maximo Hessel', 'Minima dolorem reprehenderit sunt odit eaque. Distinctio dolores voluptatem et nihil. Minima quidem inventore non officia aut illo.', 4, '2020-02-19 07:47:58', '2020-02-19 07:47:58'),
(248, 95, 'Morgan Simonis', 'Architecto blanditiis rerum et. Est ex quo porro error vel nobis voluptates. Fugit a eius magnam qui. Velit optio vitae necessitatibus necessitatibus enim excepturi a.', 3, '2020-02-19 07:47:58', '2020-02-19 07:47:58'),
(249, 30, 'Juliana Fahey I', 'Veniam fugit ratione fugit ratione soluta neque. Nihil aliquam perspiciatis et voluptatum. Excepturi rerum voluptatibus neque in nihil ut. Iure impedit ullam rerum qui.', 1, '2020-02-19 07:47:58', '2020-02-19 07:47:58'),
(250, 78, 'Terrill Bernier', 'Totam ut aspernatur ab ad ipsam et. Rerum quia exercitationem nulla aut odit. Non autem illo aut quia odio quia. Dolorem aut nostrum numquam vero est.', 4, '2020-02-19 07:47:58', '2020-02-19 07:47:58'),
(251, 80, 'Alyson Hintz III', 'Sint facilis atque possimus maxime consequuntur beatae quia molestiae. Quos aut suscipit laborum amet. Nihil illum delectus atque possimus. Vitae deserunt dolorem vel voluptates illum.', 1, '2020-02-19 07:47:58', '2020-02-19 07:47:58'),
(252, 82, 'Moises Runolfsdottir', 'Sint nemo delectus qui. Quasi sunt est nobis hic.', 5, '2020-02-19 07:47:58', '2020-02-19 07:47:58'),
(253, 120, 'Neva Koepp', 'Quo nemo et laboriosam voluptas. Qui dolor quaerat voluptas. Et et maxime sit sed iusto.', 4, '2020-02-19 07:47:58', '2020-02-19 07:47:58'),
(254, 79, 'Liza Weber', 'Et rerum porro ducimus vero sint excepturi sunt. In commodi maxime aliquam odio totam dolor. Velit mollitia neque eos. Et nihil qui id eum ex dolorem. Suscipit non nostrum nihil ab ratione sed.', 2, '2020-02-19 07:47:58', '2020-02-19 07:47:58'),
(255, 129, 'Ryley Marvin', 'Occaecati itaque ipsa eaque placeat dolores. Quia molestias et quo accusamus. Praesentium minus et dolor omnis et ab saepe. Quo illo magnam ut qui alias minus quisquam.', 1, '2020-02-19 07:47:58', '2020-02-19 07:47:58'),
(256, 104, 'Manley Wolf', 'Et eos provident possimus enim quas mollitia. Eligendi ex consequatur sit quia aut aut quod quaerat. Numquam dolorem sunt sit totam nam.', 2, '2020-02-19 07:47:58', '2020-02-19 07:47:58'),
(257, 118, 'Ward Strosin', 'Est atque tenetur voluptatem at eum. Pariatur totam distinctio et. Sint et et magni et iure illum vel et.', 0, '2020-02-19 07:47:58', '2020-02-19 07:47:58'),
(258, 69, 'Prof. Evans Oberbrunner V', 'Magnam aut veritatis perspiciatis aut repudiandae. Et minima commodi consectetur accusantium. Ipsa optio quod et labore doloribus. Velit at ducimus doloribus quasi repellat.', 0, '2020-02-19 07:47:58', '2020-02-19 07:47:58'),
(259, 89, 'Prof. Jordyn Parker PhD', 'Autem facilis eum est fugit ipsam sapiente. Facere deserunt quos rerum. Dolorum sunt dignissimos et atque facilis. Ea aut doloribus ut voluptas voluptatem numquam. Et aut ea accusamus iste et saepe.', 3, '2020-02-19 07:47:58', '2020-02-19 07:47:58'),
(260, 10, 'Dr. Emery Jast', 'Non perspiciatis cupiditate voluptatem et velit recusandae. A rerum cupiditate qui iusto laboriosam vel. Illum et repellat et nulla neque veniam expedita eligendi.', 2, '2020-02-19 07:47:58', '2020-02-19 07:47:58'),
(261, 92, 'Dameon Ward', 'Fugit amet ducimus perferendis. Molestiae recusandae fugiat sit est ipsam. Ut ad nihil ut est quo. Ullam et voluptatem nostrum itaque quis at.', 1, '2020-02-19 07:47:58', '2020-02-19 07:47:58'),
(262, 147, 'Julian Cruickshank', 'Ab eveniet magnam placeat eum. Aperiam non sed ut. Placeat ut fuga nisi nulla.', 3, '2020-02-19 07:47:58', '2020-02-19 07:47:58'),
(263, 48, 'Bobby Hyatt', 'Aliquam eius corrupti earum atque. Laborum delectus ut optio doloribus. Qui cum cum quia architecto sunt ad. Dolor doloribus sequi ea in sunt.', 4, '2020-02-19 07:47:58', '2020-02-19 07:47:58'),
(264, 49, 'Izaiah Balistreri', 'Voluptatum mollitia assumenda adipisci ut voluptas et. Maiores necessitatibus magnam sequi quae nostrum. Nisi placeat laborum sint et sequi voluptatibus. Temporibus eligendi adipisci quas tempore eum.', 2, '2020-02-19 07:47:58', '2020-02-19 07:47:58'),
(265, 16, 'Cordell Spencer', 'Mollitia non earum porro impedit laborum qui. Dolores id ipsa nam dolorem repudiandae repudiandae. Ipsa asperiores et quasi facere ea. Animi omnis dolorem non quo vel.', 4, '2020-02-19 07:47:58', '2020-02-19 07:47:58'),
(266, 121, 'Jaleel Legros', 'Aut laboriosam et autem repudiandae. Et eum optio et nulla rerum non earum itaque. Ratione eaque magnam nesciunt possimus. Aspernatur vero esse expedita rerum cupiditate.', 3, '2020-02-19 07:47:58', '2020-02-19 07:47:58'),
(267, 50, 'Emmie Yost', 'Exercitationem magni aliquam quia ut qui est voluptatum ipsa. Id neque perferendis sit quia nostrum in. Aperiam quaerat voluptas expedita sed quidem animi.', 3, '2020-02-19 07:47:58', '2020-02-19 07:47:58'),
(268, 102, 'Mallory Durgan', 'Quis ab est quam ullam optio. Officiis quae deserunt omnis culpa eos ratione sit. Distinctio quia iusto nisi beatae laudantium autem. Aut autem optio cupiditate. Est quia vitae minima reiciendis.', 0, '2020-02-19 07:47:58', '2020-02-19 07:47:58'),
(269, 62, 'Ms. Pearline Rempel Sr.', 'Inventore ut aliquam similique et culpa. Et dolorum voluptas voluptatem dolores architecto. Quis doloremque facilis id praesentium consequatur minus modi. In ut ab soluta. Ut et est explicabo doloremque.', 2, '2020-02-19 07:47:58', '2020-02-19 07:47:58'),
(270, 20, 'Mark Oberbrunner DDS', 'Quibusdam perferendis eos est ut est praesentium. Necessitatibus et nemo eligendi eligendi. Repellendus ullam illum eum ipsum. Dolorem temporibus perspiciatis voluptas a dicta id.', 2, '2020-02-19 07:47:58', '2020-02-19 07:47:58'),
(271, 27, 'Patience Johnston MD', 'Pariatur quasi architecto nobis omnis dolorem non fuga. Ipsam enim omnis soluta. Dolorum quis aspernatur unde et quaerat est optio. Odio quos sed excepturi aut iure. Vel sapiente in quaerat quisquam provident dolor animi et.', 3, '2020-02-19 07:47:58', '2020-02-19 07:47:58'),
(272, 97, 'Samir Torphy', 'Omnis laudantium quia reiciendis est ex. Esse facere ut explicabo dolorem fugit. Consectetur sed ducimus est velit blanditiis ipsa deserunt. Sapiente deleniti quasi libero dolorem ipsum non assumenda. Perferendis perspiciatis et deserunt vel.', 2, '2020-02-19 07:47:58', '2020-02-19 07:47:58'),
(273, 56, 'Davon Rosenbaum', 'Occaecati dolores numquam voluptatum ex. Qui consequuntur assumenda modi eveniet eligendi. Aspernatur autem vitae sed praesentium voluptate.', 5, '2020-02-19 07:47:58', '2020-02-19 07:47:58'),
(274, 124, 'Dr. Ethan Gislason Jr.', 'Rerum corporis maiores dignissimos sequi. Adipisci quo voluptatem sunt harum. Iure minima dolorem ipsa. In quia quasi quo in.', 0, '2020-02-19 07:47:58', '2020-02-19 07:47:58'),
(275, 50, 'Ruby Lang', 'Voluptates ratione in qui hic vitae dignissimos rerum. Voluptatem iste dignissimos odit voluptatem.', 5, '2020-02-19 07:47:58', '2020-02-19 07:47:58'),
(276, 46, 'Marge Kunde', 'Et culpa eius sint aut est. Deleniti quisquam cupiditate ea porro sit debitis. Dolorem saepe quia non voluptas assumenda velit molestiae quia. Praesentium minima ut odio quia et sit.', 1, '2020-02-19 07:47:58', '2020-02-19 07:47:58'),
(277, 2, 'Orlando Kertzmann', 'Consequuntur sed non odit rerum ipsam velit in. Libero pariatur eos quis enim. Delectus molestiae et fugit pariatur sed ut. Consequatur quos enim provident enim. Fugit iusto voluptas facilis nihil eos sunt.', 4, '2020-02-19 07:47:58', '2020-02-19 07:47:58'),
(278, 8, 'Kennedi Durgan', 'Enim et nesciunt id id amet facilis excepturi. Hic excepturi et et atque ad commodi recusandae ipsam. Molestiae quidem rerum ad vero. Dolorum mollitia sed reprehenderit veritatis aliquid. Et beatae doloribus aperiam officiis est deserunt quia.', 4, '2020-02-19 07:47:58', '2020-02-19 07:47:58'),
(279, 106, 'Mr. Jasper Hoppe II', 'Consequatur corporis est voluptatem quo aliquid fugiat perspiciatis. Esse consequatur sit reprehenderit neque vero quia. Impedit sed aut dolores sapiente temporibus cumque. Debitis perspiciatis magni minima repudiandae.', 2, '2020-02-19 07:47:58', '2020-02-19 07:47:58'),
(280, 13, 'Jayce Abshire PhD', 'Et commodi iste voluptatum unde id. Nisi ducimus et autem quod. Vero nihil autem consequatur aut. Quas voluptatem voluptate aut occaecati quod quia quaerat aut.', 0, '2020-02-19 07:47:58', '2020-02-19 07:47:58'),
(281, 52, 'Miss Danyka Bernier', 'Quidem facere eaque molestiae officia fuga. Odit deserunt non placeat error qui. Excepturi dolores quia itaque.', 0, '2020-02-19 07:47:58', '2020-02-19 07:47:58'),
(282, 34, 'Vena Sanford', 'Quasi debitis expedita omnis magni et vel. Quia molestiae quisquam incidunt. Consequatur non dicta qui nulla fugiat. Qui reiciendis laudantium quas et qui aliquid consectetur.', 5, '2020-02-19 07:47:58', '2020-02-19 07:47:58'),
(283, 52, 'Miss Agustina Gusikowski', 'Dolores autem saepe magnam vel non. Reiciendis odit accusamus optio a optio. Eveniet illum rerum autem et. Accusantium et quibusdam deserunt soluta.', 0, '2020-02-19 07:47:58', '2020-02-19 07:47:58'),
(284, 85, 'Prof. Cloyd Gutkowski', 'Dolore suscipit quis repellat et nulla voluptate in. Iste fuga modi excepturi culpa. Omnis sint sed non est et a. Cupiditate nobis modi est doloremque eius velit exercitationem. Vel harum nihil consequatur quia est.', 4, '2020-02-19 07:47:58', '2020-02-19 07:47:58'),
(285, 132, 'Mr. Brett Tremblay', 'Tenetur cum est quasi modi cupiditate. Corporis ab aut perferendis consequatur. Alias voluptatem quas reprehenderit doloremque quo alias voluptatem.', 2, '2020-02-19 07:47:58', '2020-02-19 07:47:58'),
(286, 79, 'Prof. Tiana Kunze', 'Et dolorem a harum sit dolores nam ea. Maxime doloremque minima voluptatum doloremque. Voluptates dignissimos sunt reprehenderit.', 1, '2020-02-19 07:47:58', '2020-02-19 07:47:58'),
(287, 34, 'Eugenia Mante', 'Vel aperiam sint ea occaecati consectetur et eligendi non. Ut libero perspiciatis non dolore. Qui sunt earum eum quidem repellendus facere vitae. Et consectetur ut quis voluptatibus consequatur facilis et.', 2, '2020-02-19 07:47:58', '2020-02-19 07:47:58'),
(288, 82, 'Violette Franecki', 'Qui dolore sequi et laborum at commodi dolore. Ipsa accusantium perspiciatis temporibus. Nostrum nihil laborum est in omnis ab.', 1, '2020-02-19 07:47:58', '2020-02-19 07:47:58'),
(289, 90, 'Micah Marvin', 'Aut omnis ipsum aut occaecati maiores exercitationem nemo qui. Iure laborum id ab cupiditate. Ut consequatur sint sint soluta aspernatur dolore at accusantium. Maiores omnis mollitia suscipit dolor rem. Eveniet placeat autem quia non magnam dicta.', 1, '2020-02-19 07:47:58', '2020-02-19 07:47:58'),
(290, 33, 'Mallory Kilback', 'Assumenda aspernatur est dignissimos sit et possimus quo. Sit exercitationem perspiciatis mollitia nostrum sint autem doloribus. Sed omnis doloribus consectetur architecto voluptatem quae expedita. Neque porro vel laudantium qui tempora.', 4, '2020-02-19 07:47:58', '2020-02-19 07:47:58'),
(291, 129, 'Alice Champlin', 'Rerum et vel quam porro. Est accusamus ad ut quis excepturi corrupti. Et voluptatum magnam omnis molestiae quia.', 0, '2020-02-19 07:47:58', '2020-02-19 07:47:58'),
(292, 37, 'Carli Bauch', 'Qui qui unde culpa at ad voluptates hic. Quaerat beatae impedit commodi possimus voluptatem voluptatibus tempore. Nam voluptatem at inventore est.', 1, '2020-02-19 07:47:58', '2020-02-19 07:47:58'),
(293, 107, 'Sonia Kreiger', 'Asperiores unde molestiae et consequatur pariatur magnam. Illum aspernatur molestiae sit distinctio. Fugiat nihil doloribus possimus qui.', 3, '2020-02-19 07:47:58', '2020-02-19 07:47:58'),
(294, 96, 'Hershel Price', 'Doloremque enim aliquam ut numquam quia dolore. Vitae vitae ipsa nulla ut. At dolorem iste esse doloribus. Ipsum voluptas quod harum quos et et qui.', 4, '2020-02-19 07:47:58', '2020-02-19 07:47:58'),
(295, 102, 'Dillan Bernhard', 'Repellendus consectetur harum aut sint magni. Qui possimus aut hic quidem. Ab laudantium qui in aperiam cupiditate adipisci. Natus magni quisquam quia quasi.', 5, '2020-02-19 07:47:58', '2020-02-19 07:47:58'),
(296, 4, 'Jaida Hessel', 'Repudiandae minima porro tempore officia quasi. Eveniet in fuga velit laudantium aut nesciunt. Ad beatae et vel perferendis. Necessitatibus ullam qui aut officiis ut veritatis qui.', 1, '2020-02-19 07:47:58', '2020-02-19 07:47:58'),
(297, 45, 'Alessia Wolff', 'Non est labore quo aliquam sunt. Iure itaque est id modi exercitationem. Ut explicabo non molestiae asperiores nulla vero tempora et. Consequatur non inventore voluptas rerum ut porro consectetur aut.', 5, '2020-02-19 07:47:58', '2020-02-19 07:47:58'),
(298, 37, 'Alexie Daniel', 'Et harum officiis illum sunt. Voluptatibus enim tenetur voluptas consequatur. Aut nesciunt dolorem aperiam dolorum accusamus deleniti quae.', 1, '2020-02-19 07:47:58', '2020-02-19 07:47:58'),
(299, 72, 'Dustin Nitzsche', 'Sed optio laboriosam expedita autem aut. A temporibus perferendis eaque magnam non. Porro illum quo eveniet qui ut ut sapiente rem. Libero consequatur nemo placeat eligendi animi.', 2, '2020-02-19 07:47:58', '2020-02-19 07:47:58'),
(300, 108, 'Hanna Rowe IV', 'Repellendus et est labore quam recusandae. Quisquam voluptatum accusantium eius sunt quam. Deserunt eum facere qui omnis esse. Corrupti eius voluptatem enim consectetur.', 5, '2020-02-19 07:47:58', '2020-02-19 07:47:58');

-- --------------------------------------------------------

--
-- Table structure for table `users`
--

CREATE TABLE `users` (
  `id` bigint(20) UNSIGNED NOT NULL,
  `name` varchar(255) COLLATE utf8mb4_unicode_ci NOT NULL,
  `email` varchar(255) COLLATE utf8mb4_unicode_ci NOT NULL,
  `email_verified_at` timestamp NULL DEFAULT NULL,
  `password` varchar(255) COLLATE utf8mb4_unicode_ci NOT NULL,
  `remember_token` varchar(100) COLLATE utf8mb4_unicode_ci DEFAULT NULL,
  `created_at` timestamp NULL DEFAULT NULL,
  `updated_at` timestamp NULL DEFAULT NULL
) ENGINE=InnoDB DEFAULT CHARSET=utf8mb4 COLLATE=utf8mb4_unicode_ci;

--
-- Indexes for dumped tables
--

--
-- Indexes for table `failed_jobs`
--
ALTER TABLE `failed_jobs`
  ADD PRIMARY KEY (`id`);

--
-- Indexes for table `migrations`
--
ALTER TABLE `migrations`
  ADD PRIMARY KEY (`id`);

--
-- Indexes for table `password_resets`
--
ALTER TABLE `password_resets`
  ADD KEY `password_resets_email_index` (`email`);

--
-- Indexes for table `products`
--
ALTER TABLE `products`
  ADD PRIMARY KEY (`id`);

--
-- Indexes for table `reviews`
--
ALTER TABLE `reviews`
  ADD PRIMARY KEY (`id`),
  ADD KEY `reviews_product_id_index` (`product_id`);

--
-- Indexes for table `users`
--
ALTER TABLE `users`
  ADD PRIMARY KEY (`id`),
  ADD UNIQUE KEY `users_email_unique` (`email`);

--
-- AUTO_INCREMENT for dumped tables
--

--
-- AUTO_INCREMENT for table `failed_jobs`
--
ALTER TABLE `failed_jobs`
  MODIFY `id` bigint(20) UNSIGNED NOT NULL AUTO_INCREMENT;

--
-- AUTO_INCREMENT for table `migrations`
--
ALTER TABLE `migrations`
  MODIFY `id` int(10) UNSIGNED NOT NULL AUTO_INCREMENT, AUTO_INCREMENT=6;

--
-- AUTO_INCREMENT for table `products`
--
ALTER TABLE `products`
  MODIFY `id` bigint(20) UNSIGNED NOT NULL AUTO_INCREMENT, AUTO_INCREMENT=151;

--
-- AUTO_INCREMENT for table `reviews`
--
ALTER TABLE `reviews`
  MODIFY `id` bigint(20) UNSIGNED NOT NULL AUTO_INCREMENT, AUTO_INCREMENT=301;

--
-- AUTO_INCREMENT for table `users`
--
ALTER TABLE `users`
  MODIFY `id` bigint(20) UNSIGNED NOT NULL AUTO_INCREMENT;

--
-- Constraints for dumped tables
--

--
-- Constraints for table `reviews`
--
ALTER TABLE `reviews`
  ADD CONSTRAINT `reviews_product_id_foreign` FOREIGN KEY (`product_id`) REFERENCES `products` (`id`) ON DELETE CASCADE;
COMMIT;

/*!40101 SET CHARACTER_SET_CLIENT=@OLD_CHARACTER_SET_CLIENT */;
/*!40101 SET CHARACTER_SET_RESULTS=@OLD_CHARACTER_SET_RESULTS */;
/*!40101 SET COLLATION_CONNECTION=@OLD_COLLATION_CONNECTION */;
